[INFO] Scanning for projects...
[INFO] ------------------------------------------------------------------------
[INFO] Reactor Build Order:
[INFO] 
[INFO] gigaxfer-parent                                                    [pom]
[INFO] gigaxfer-core                                                      [jar]
[INFO] gigaxfer-sync-service                                              [jar]
[INFO] 
[INFO] --------------------< com.gigaxfer:gigaxfer-parent >--------------------
[INFO] Building gigaxfer-parent 0.1.0-SNAPSHOT                            [1/3]
[INFO]   from pom.xml
[INFO] --------------------------------[ pom ]---------------------------------
[INFO] 
[INFO] ---------------------< com.gigaxfer:gigaxfer-core >---------------------
[INFO] Building gigaxfer-core 0.1.0-SNAPSHOT                              [2/3]
[INFO]   from gigaxfer-core/pom.xml
[INFO] --------------------------------[ jar ]---------------------------------
[INFO] 
[INFO] --- resources:3.4.0:resources (default-resources) @ gigaxfer-core ---
[INFO] skip non existing resourceDirectory /Users/johnson.chiang/workspace/gigaxfer/gigaxfer-core/src/main/resources
[INFO] 
[INFO] --- compiler:3.13.0:compile (default-compile) @ gigaxfer-core ---
[INFO] Nothing to compile - all classes are up to date.
[INFO] 
[INFO] --- resources:3.4.0:testResources (default-testResources) @ gigaxfer-core ---
[INFO] Copying 1 resource from src/test/resources to target/test-classes
[INFO] 
[INFO] --- compiler:3.13.0:testCompile (default-testCompile) @ gigaxfer-core ---
[INFO] Nothing to compile - all classes are up to date.
[INFO] 
[INFO] --- surefire:3.5.2:test (default-test) @ gigaxfer-core ---
[INFO] Using auto detected provider org.apache.maven.surefire.junitplatform.JUnitPlatformProvider
[INFO] 
[INFO] -------------------------------------------------------
[INFO]  T E S T S
[INFO] -------------------------------------------------------
[INFO] Running com.gigaxfer.core.SmokeTest
[INFO] Tests run: 1, Failures: 0, Errors: 0, Skipped: 0, Time elapsed: 0.041 s -- in com.gigaxfer.core.SmokeTest
[INFO] Running com.gigaxfer.core.identity.FileIdentityTest
[INFO] Tests run: 11, Failures: 0, Errors: 0, Skipped: 0, Time elapsed: 0.033 s -- in com.gigaxfer.core.identity.FileIdentityTest
[INFO] Running com.gigaxfer.core.nfs.BoundedNfsExecutorTest
[INFO] Tests run: 5, Failures: 0, Errors: 0, Skipped: 0, Time elapsed: 0.375 s -- in com.gigaxfer.core.nfs.BoundedNfsExecutorTest
[INFO] Running com.gigaxfer.core.config.ConfigCodecTest
[INFO] Tests run: 22, Failures: 0, Errors: 0, Skipped: 0, Time elapsed: 0.183 s -- in com.gigaxfer.core.config.ConfigCodecTest
[INFO] Running com.gigaxfer.core.layout.PathLayoutTest
[INFO] Tests run: 6, Failures: 0, Errors: 0, Skipped: 0, Time elapsed: 0.018 s -- in com.gigaxfer.core.layout.PathLayoutTest
[INFO] Running com.gigaxfer.core.digest.Sha256Test
[INFO] Tests run: 5, Failures: 0, Errors: 0, Skipped: 0, Time elapsed: 0.028 s -- in com.gigaxfer.core.digest.Sha256Test
[INFO] Running com.gigaxfer.core.manifest.ManifestCodecTest
[INFO] Tests run: 30, Failures: 0, Errors: 0, Skipped: 0, Time elapsed: 0.075 s -- in com.gigaxfer.core.manifest.ManifestCodecTest
[INFO] Running com.gigaxfer.core.store.LinkOwnershipWithBoundedExecutorTest
[INFO] Tests run: 1, Failures: 0, Errors: 0, Skipped: 0, Time elapsed: 0.086 s -- in com.gigaxfer.core.store.LinkOwnershipWithBoundedExecutorTest
[INFO] Running com.gigaxfer.core.store.BeginWriteTest
[INFO] Tests run: 6, Failures: 0, Errors: 0, Skipped: 0, Time elapsed: 0.019 s -- in com.gigaxfer.core.store.BeginWriteTest
[INFO] Running com.gigaxfer.core.store.FinalizeUnderPressureTest
[INFO] Tests run: 3, Failures: 0, Errors: 0, Skipped: 0, Time elapsed: 0.026 s -- in com.gigaxfer.core.store.FinalizeUnderPressureTest
[INFO] Running com.gigaxfer.core.store.FinalizeRetryTest
[INFO] Tests run: 5, Failures: 0, Errors: 0, Skipped: 0, Time elapsed: 0.066 s -- in com.gigaxfer.core.store.FinalizeRetryTest
[INFO] Running com.gigaxfer.core.store.WriteHandleUnavailableTest
[INFO] Tests run: 5, Failures: 0, Errors: 0, Skipped: 0, Time elapsed: 0.017 s -- in com.gigaxfer.core.store.WriteHandleUnavailableTest
[INFO] Running com.gigaxfer.core.store.FinalizeHappyPathTest
[INFO] Tests run: 5, Failures: 0, Errors: 0, Skipped: 0, Time elapsed: 0.095 s -- in com.gigaxfer.core.store.FinalizeHappyPathTest
[INFO] Running com.gigaxfer.core.store.FinalizeRecoveryTest
[INFO] Tests run: 18, Failures: 0, Errors: 0, Skipped: 0, Time elapsed: 0.342 s -- in com.gigaxfer.core.store.FinalizeRecoveryTest
[INFO] Running com.gigaxfer.core.store.WriteHandleLifecycleTest
[INFO] Tests run: 9, Failures: 0, Errors: 0, Skipped: 0, Time elapsed: 0.136 s -- in com.gigaxfer.core.store.WriteHandleLifecycleTest
[INFO] 
[INFO] Results:
[INFO] 
[INFO] Tests run: 132, Failures: 0, Errors: 0, Skipped: 0
[INFO] 
[INFO] 
[INFO] --- jar:3.5.0:jar (default-jar) @ gigaxfer-core ---
[INFO] 
[INFO] -----------------< com.gigaxfer:gigaxfer-sync-service >-----------------
[INFO] Building gigaxfer-sync-service 0.1.0-SNAPSHOT                      [3/3]
[INFO]   from gigaxfer-sync-service/pom.xml
[INFO] --------------------------------[ jar ]---------------------------------
[INFO] 
[INFO] --- resources:3.4.0:resources (default-resources) @ gigaxfer-sync-service ---
[INFO] Copying 2 resources from src/main/resources to target/classes
[INFO] 
[INFO] --- compiler:3.13.0:compile (default-compile) @ gigaxfer-sync-service ---
[INFO] Nothing to compile - all classes are up to date.
[INFO] 
[INFO] --- resources:3.4.0:testResources (default-testResources) @ gigaxfer-sync-service ---
[INFO] Copying 2 resources from src/test/resources to target/test-classes
[INFO] 
[INFO] --- compiler:3.13.0:testCompile (default-testCompile) @ gigaxfer-sync-service ---
[INFO] Nothing to compile - all classes are up to date.
[INFO] 
[INFO] --- surefire:3.5.2:test (default-test) @ gigaxfer-sync-service ---
[INFO] Using auto detected provider org.apache.maven.surefire.junitplatform.JUnitPlatformProvider
[INFO] 
[INFO] -------------------------------------------------------
[INFO]  T E S T S
[INFO] -------------------------------------------------------
[INFO] Running com.gigaxfer.sync.config.PolicyEndpointTest
19:35:42.487 [main] INFO org.springframework.test.context.support.AnnotationConfigContextLoaderUtils -- Could not detect default configuration classes for test class [com.gigaxfer.sync.config.PolicyEndpointTest]: PolicyEndpointTest does not declare any static, non-private, non-final, nested classes annotated with @Configuration.
19:35:42.546 [main] INFO org.springframework.boot.test.context.SpringBootTestContextBootstrapper -- Found @SpringBootConfiguration com.gigaxfer.sync.GigaxferSyncApplication for test class com.gigaxfer.sync.config.PolicyEndpointTest

  .   ____          _            __ _ _
 /\\ / ___'_ __ _ _(_)_ __  __ _ \ \ \ \
( ( )\___ | '_ | '_| | '_ \/ _` | \ \ \ \
 \\/  ___)| |_)| | | | | || (_| |  ) ) ) )
  '  |____| .__|_| |_|_| |_\__, | / / / /
 =========|_|==============|___/=/_/_/_/

 :: Spring Boot ::                (v3.4.4)

2026-09-25T19:35:42.744+08:00  INFO 47304 --- [gigaxfer-sync] [           main] c.g.sync.config.PolicyEndpointTest       : Starting PolicyEndpointTest using Java 27 with PID 47304 (started by johnson.chiang in /Users/johnson.chiang/workspace/gigaxfer/gigaxfer-sync-service)
2026-09-25T19:35:42.746+08:00  INFO 47304 --- [gigaxfer-sync] [           main] c.g.sync.config.PolicyEndpointTest       : The following 1 profile is active: "test"
2026-09-25T19:35:43.681+08:00  INFO 47304 --- [gigaxfer-sync] [           main] o.s.b.t.m.w.SpringBootMockServletContext : Initializing Spring TestDispatcherServlet ''
2026-09-25T19:35:43.681+08:00  INFO 47304 --- [gigaxfer-sync] [           main] o.s.t.web.servlet.TestDispatcherServlet  : Initializing Servlet ''
2026-09-25T19:35:43.687+08:00  INFO 47304 --- [gigaxfer-sync] [           main] o.s.b.a.e.web.EndpointLinksResolver      : Exposing 2 endpoints beneath base path '/actuator'
2026-09-25T19:35:43.694+08:00  INFO 47304 --- [gigaxfer-sync] [           main] o.s.t.web.servlet.TestDispatcherServlet  : Completed initialization in 13 ms
2026-09-25T19:35:43.749+08:00  INFO 47304 --- [gigaxfer-sync] [           main] c.g.sync.config.PolicyEndpointTest       : Started PolicyEndpointTest in 1.155 seconds (process running for 1.621)
2026-09-25T19:35:43.785+08:00  INFO 47304 --- [gigaxfer-sync] [   db-bootstrap] com.zaxxer.hikari.HikariDataSource       : HikariPool-1 - Starting...
Mockito is currently self-attaching to enable the inline-mock-maker. This will no longer work in future releases of the JDK. Please add Mockito as an agent to your build what is described in Mockito's documentation: https://javadoc.io/doc/org.mockito/mockito-core/latest/org/mockito/Mockito.html#0.3
2026-09-25T19:35:43.830+08:00  INFO 47304 --- [gigaxfer-sync] [   db-bootstrap] com.zaxxer.hikari.HikariDataSource       : HikariPool-1 - Start completed.
2026-09-25T19:35:43.950+08:00  INFO 47304 --- [gigaxfer-sync] [   db-bootstrap] org.flywaydb.core.FlywayExecutor         : Database: jdbc:h2:mem:gigaxfer (H2 2.3)
2026-09-25T19:35:43.963+08:00  WARN 47304 --- [gigaxfer-sync] [   db-bootstrap] o.f.c.internal.database.base.Database    : Flyway upgrade recommended: H2 2.3.232 is newer than this version of Flyway and support has not been tested. The latest supported version of H2 is 2.2.224.
2026-09-25T19:35:43.972+08:00  INFO 47304 --- [gigaxfer-sync] [   db-bootstrap] o.f.c.i.s.JdbcTableSchemaHistory         : Schema history table "PUBLIC"."flyway_schema_history" does not exist yet
2026-09-25T19:35:43.988+08:00  WARN 47304 --- [gigaxfer-sync] [   db-bootstrap] o.f.c.internal.database.base.Database    : Flyway upgrade recommended: H2 2.3.232 is newer than this version of Flyway and support has not been tested. The latest supported version of H2 is 2.2.224.
2026-09-25T19:35:43.991+08:00  INFO 47304 --- [gigaxfer-sync] [   db-bootstrap] o.f.c.i.s.JdbcTableSchemaHistory         : Schema history table "PUBLIC"."flyway_schema_history" does not exist yet
2026-09-25T19:35:43.991+08:00  INFO 47304 --- [gigaxfer-sync] [   db-bootstrap] o.f.core.internal.command.DbValidate     : Successfully validated 1 migration (execution time 00:00.001s)
2026-09-25T19:35:43.993+08:00  INFO 47304 --- [gigaxfer-sync] [   db-bootstrap] o.f.c.i.s.JdbcTableSchemaHistory         : Creating Schema History table "PUBLIC"."flyway_schema_history" ...
2026-09-25T19:35:44.010+08:00  INFO 47304 --- [gigaxfer-sync] [   db-bootstrap] o.f.core.internal.command.DbMigrate      : Current version of schema "PUBLIC": << Empty Schema >>
2026-09-25T19:35:44.011+08:00  INFO 47304 --- [gigaxfer-sync] [   db-bootstrap] o.f.core.internal.command.DbMigrate      : Migrating schema "PUBLIC" to version "1 - schema"
2026-09-25T19:35:44.034+08:00  INFO 47304 --- [gigaxfer-sync] [   db-bootstrap] o.f.core.internal.command.DbMigrate      : Successfully applied 1 migration to schema "PUBLIC", now at version v1 (execution time 00:00.016s)
2026-09-25T19:35:44.043+08:00  INFO 47304 --- [gigaxfer-sync] [   db-bootstrap] com.gigaxfer.sync.db.DbBootstrap         : database migrated and bootstrapped
OpenJDK 64-Bit Server VM warning: Sharing is only supported for boot loader classes because bootstrap classpath has been appended
WARNING: A Java agent has been loaded dynamically (/Users/johnson.chiang/.m2/repository/net/bytebuddy/byte-buddy-agent/1.15.11/byte-buddy-agent-1.15.11.jar)
WARNING: If a serviceability tool is in use, please run with -XX:+EnableDynamicAgentLoading to hide this warning
WARNING: If a serviceability tool is not in use, please run with -Djdk.instrument.traceUsage for more information
WARNING: Dynamic loading of agents will be disallowed by default in a future release
2026-09-25T19:35:44.339+08:00  INFO 47304 --- [gigaxfer-sync] [           main] com.zaxxer.hikari.HikariDataSource       : HikariPool-1 - Shutdown initiated...
2026-09-25T19:35:44.340+08:00  INFO 47304 --- [gigaxfer-sync] [           main] com.zaxxer.hikari.HikariDataSource       : HikariPool-1 - Shutdown completed.
[INFO] Tests run: 4, Failures: 0, Errors: 0, Skipped: 0, Time elapsed: 1.927 s -- in com.gigaxfer.sync.config.PolicyEndpointTest
[INFO] Running com.gigaxfer.sync.config.ConfigStoreTest
2026-09-25T19:35:44.349+08:00 ERROR 47304 --- [gigaxfer-sync] [           main] com.gigaxfer.sync.config.ConfigStore     : /var/folders/8w/j7kvkq4x17s8f3hvc8qz0gsw0000gq/T/junit-2850623137437309284/active.json is unreadable or not a valid config: com.gigaxfer.core.config.InvalidConfigException: config must be a JSON object, got null
2026-09-25T19:35:44.349+08:00  WARN 47304 --- [gigaxfer-sync] [           main] com.gigaxfer.sync.config.ConfigStore     : active.json missing or unreadable, running on lkg.json version 2
2026-09-25T19:35:44.356+08:00  WARN 47304 --- [gigaxfer-sync] [           main] com.gigaxfer.sync.config.ConfigStore     : candidate.json rejected, left in place: candidate policy segment differs from current version 3 (policy is immutable in v1)
2026-09-25T19:35:44.377+08:00  INFO 47304 --- [gigaxfer-sync] [           main] com.gigaxfer.sync.config.ConfigStore     : activated config version 4 (previous 3)
2026-09-25T19:35:44.386+08:00 ERROR 47304 --- [gigaxfer-sync] [           main] com.gigaxfer.sync.config.ConfigStore     : /var/folders/8w/j7kvkq4x17s8f3hvc8qz0gsw0000gq/T/junit-16219400386434941035/active.json is unreadable or not a valid config: java.nio.file.AccessDeniedException: /var/folders/8w/j7kvkq4x17s8f3hvc8qz0gsw0000gq/T/junit-16219400386434941035/active.json
2026-09-25T19:35:44.387+08:00  WARN 47304 --- [gigaxfer-sync] [           main] com.gigaxfer.sync.config.ConfigStore     : active.json missing or unreadable, running on lkg.json version 2
2026-09-25T19:35:44.393+08:00  WARN 47304 --- [gigaxfer-sync] [           main] com.gigaxfer.sync.config.ConfigStore     : candidate.json rejected, left in place: candidate version 3 is not greater than current version 3
2026-09-25T19:35:44.397+08:00  WARN 47304 --- [gigaxfer-sync] [           main] com.gigaxfer.sync.config.ConfigStore     : candidate.json rejected, left in place: candidate invalid: config must be a JSON object, got null
2026-09-25T19:35:44.400+08:00  WARN 47304 --- [gigaxfer-sync] [           main] com.gigaxfer.sync.config.ConfigStore     : candidate.json rejected, left in place: candidate invalid: malformed config: Cannot coerce Floating-point value (30.9) to `int` value (but could if coercion was enabled using `CoercionConfig`)
 at [Source: REDACTED (`StreamReadFeature.INCLUDE_SOURCE_IN_LOCATION` disabled); line: 40, column: 27] (through reference chain: com.gigaxfer.core.config.NodeConfig["fixed"]->com.gigaxfer.core.config.FixedConstants["search_window_days"])
2026-09-25T19:35:44.401+08:00  WARN 47304 --- [gigaxfer-sync] [           main] com.gigaxfer.sync.config.ConfigStore     : candidate.json rejected, left in place: candidate invalid: malformed config: Cannot coerce Floating-point value (1.9) to `int` value (but could if coercion was enabled using `CoercionConfig`)
 at [Source: REDACTED (`StreamReadFeature.INCLUDE_SOURCE_IN_LOCATION` disabled); line: 2, column: 21] (through reference chain: com.gigaxfer.core.config.NodeConfig["schema_version"])
2026-09-25T19:35:44.402+08:00  WARN 47304 --- [gigaxfer-sync] [           main] com.gigaxfer.sync.config.ConfigStore     : candidate.json rejected, left in place: candidate invalid: malformed config: Unrecognized token 'invalid': was expecting (JSON String, Number, Array, Object or token 'null', 'true' or 'false')
 at [Source: REDACTED (`StreamReadFeature.INCLUDE_SOURCE_IN_LOCATION` disabled); line: 45, column: 10]
2026-09-25T19:35:44.409+08:00  WARN 47304 --- [gigaxfer-sync] [           main] com.gigaxfer.sync.config.ConfigStore     : candidate.json rejected, left in place: candidate invalid: malformed config: Unexpected end-of-input: expected close marker for Object (start marker at [Source: REDACTED (`StreamReadFeature.INCLUDE_SOURCE_IN_LOCATION` disabled); line: 1, column: 1])
 at [Source: REDACTED (`StreamReadFeature.INCLUDE_SOURCE_IN_LOCATION` disabled); line: 1, column: 23]
2026-09-25T19:35:44.415+08:00  WARN 47304 --- [gigaxfer-sync] [           main] com.gigaxfer.sync.config.ConfigStore     : candidate.json activation failed, left in place: java.nio.file.FileSystemException: /var/folders/8w/j7kvkq4x17s8f3hvc8qz0gsw0000gq/T/junit-12275130528660899107/active.json -> /var/folders/8w/j7kvkq4x17s8f3hvc8qz0gsw0000gq/T/junit-12275130528660899107/lkg.json: Is a directory
2026-09-25T19:35:44.424+08:00  INFO 47304 --- [gigaxfer-sync] [           main] com.gigaxfer.sync.config.ConfigStore     : activated config version 4 (previous 3)
2026-09-25T19:35:44.429+08:00 ERROR 47304 --- [gigaxfer-sync] [           main] com.gigaxfer.sync.config.ConfigStore     : /var/folders/8w/j7kvkq4x17s8f3hvc8qz0gsw0000gq/T/junit-751430762468946289/active.json is unreadable or not a valid config: com.gigaxfer.core.config.InvalidConfigException: malformed config: Unexpected character ('n' (code 110)): was expecting double-quote to start field name
 at [Source: REDACTED (`StreamReadFeature.INCLUDE_SOURCE_IN_LOCATION` disabled); line: 1, column: 3]
2026-09-25T19:35:44.431+08:00 ERROR 47304 --- [gigaxfer-sync] [           main] com.gigaxfer.sync.config.ConfigStore     : /var/folders/8w/j7kvkq4x17s8f3hvc8qz0gsw0000gq/T/junit-1645690444559529393/active.json is unreadable or not a valid config: com.gigaxfer.core.config.InvalidConfigException: malformed config: Unexpected character ('n' (code 110)): was expecting double-quote to start field name
 at [Source: REDACTED (`StreamReadFeature.INCLUDE_SOURCE_IN_LOCATION` disabled); line: 1, column: 3]
2026-09-25T19:35:44.432+08:00  WARN 47304 --- [gigaxfer-sync] [           main] com.gigaxfer.sync.config.ConfigStore     : active.json missing or unreadable, running on lkg.json version 2
2026-09-25T19:35:44.434+08:00  WARN 47304 --- [gigaxfer-sync] [           main] com.gigaxfer.sync.config.ConfigStore     : candidate.json rejected, left in place: /var/folders/8w/j7kvkq4x17s8f3hvc8qz0gsw0000gq/T/junit-6450477936673719734/candidate.json
2026-09-25T19:35:44.439+08:00  WARN 47304 --- [gigaxfer-sync] [           main] com.gigaxfer.sync.config.ConfigStore     : candidate.json rejected, left in place: candidate policy segment differs from current version 3 (policy is immutable in v1)
2026-09-25T19:35:44.445+08:00  INFO 47304 --- [gigaxfer-sync] [           main] com.gigaxfer.sync.config.ConfigStore     : activated config version 4 (previous 3)
2026-09-25T19:35:44.449+08:00  WARN 47304 --- [gigaxfer-sync] [           main] com.gigaxfer.sync.config.ConfigStore     : active.json missing or unreadable, running on lkg.json version 2
2026-09-25T19:35:44.457+08:00  WARN 47304 --- [gigaxfer-sync] [           main] com.gigaxfer.sync.config.ConfigStore     : candidate.json changed during activation; kept for validation on next start
2026-09-25T19:35:44.457+08:00  INFO 47304 --- [gigaxfer-sync] [           main] com.gigaxfer.sync.config.ConfigStore     : activated config version 4 (previous 3)
2026-09-25T19:35:44.459+08:00  WARN 47304 --- [gigaxfer-sync] [           main] com.gigaxfer.sync.config.ConfigStore     : candidate.json rejected, left in place: candidate policy segment differs from current version 4 (policy is immutable in v1)
2026-09-25T19:35:44.466+08:00 ERROR 47304 --- [gigaxfer-sync] [           main] com.gigaxfer.sync.config.ConfigStore     : /var/folders/8w/j7kvkq4x17s8f3hvc8qz0gsw0000gq/T/junit-13634796889690076845/active.json is unreadable or not a valid config: com.gigaxfer.core.config.InvalidConfigException: malformed config: Unexpected character ('n' (code 110)): was expecting double-quote to start field name
 at [Source: REDACTED (`StreamReadFeature.INCLUDE_SOURCE_IN_LOCATION` disabled); line: 1, column: 3]
2026-09-25T19:35:44.471+08:00  INFO 47304 --- [gigaxfer-sync] [           main] com.gigaxfer.sync.config.ConfigStore     : activated config version 4 (previous 2)
2026-09-25T19:35:44.478+08:00  WARN 47304 --- [gigaxfer-sync] [           main] com.gigaxfer.sync.config.ConfigStore     : candidate.json rejected, left in place: candidate policy segment differs from current version 3 (policy is immutable in v1)
[INFO] Tests run: 23, Failures: 0, Errors: 0, Skipped: 0, Time elapsed: 0.132 s -- in com.gigaxfer.sync.config.ConfigStoreTest
[INFO] Running com.gigaxfer.sync.auth.NodeAuthFilterUnitTest
[INFO] Tests run: 10, Failures: 0, Errors: 0, Skipped: 0, Time elapsed: 0.022 s -- in com.gigaxfer.sync.auth.NodeAuthFilterUnitTest
[INFO] Running com.gigaxfer.sync.auth.NodeAuthFilterTest
2026-09-25T19:35:44.505+08:00  INFO 47304 --- [gigaxfer-sync] [           main] t.c.s.AnnotationConfigContextLoaderUtils : Could not detect default configuration classes for test class [com.gigaxfer.sync.auth.NodeAuthFilterTest]: NodeAuthFilterTest does not declare any static, non-private, non-final, nested classes annotated with @Configuration.
2026-09-25T19:35:44.514+08:00  INFO 47304 --- [gigaxfer-sync] [           main] .b.t.c.SpringBootTestContextBootstrapper : Found @SpringBootConfiguration com.gigaxfer.sync.GigaxferSyncApplication for test class com.gigaxfer.sync.auth.NodeAuthFilterTest

  .   ____          _            __ _ _
 /\\ / ___'_ __ _ _(_)_ __  __ _ \ \ \ \
( ( )\___ | '_ | '_| | '_ \/ _` | \ \ \ \
 \\/  ___)| |_)| | | | | || (_| |  ) ) ) )
  '  |____| .__|_| |_|_| |_\__, | / / / /
 =========|_|==============|___/=/_/_/_/

 :: Spring Boot ::                (v3.4.4)

2026-09-25T19:35:44.546+08:00  INFO 47304 --- [gigaxfer-sync] [           main] c.gigaxfer.sync.auth.NodeAuthFilterTest  : Starting NodeAuthFilterTest using Java 27 with PID 47304 (started by johnson.chiang in /Users/johnson.chiang/workspace/gigaxfer/gigaxfer-sync-service)
2026-09-25T19:35:44.546+08:00  INFO 47304 --- [gigaxfer-sync] [           main] c.gigaxfer.sync.auth.NodeAuthFilterTest  : The following 1 profile is active: "test"
2026-09-25T19:35:44.743+08:00  INFO 47304 --- [gigaxfer-sync] [           main] o.s.b.t.m.w.SpringBootMockServletContext : Initializing Spring TestDispatcherServlet ''
2026-09-25T19:35:44.743+08:00  INFO 47304 --- [gigaxfer-sync] [           main] o.s.t.web.servlet.TestDispatcherServlet  : Initializing Servlet ''
2026-09-25T19:35:44.744+08:00  INFO 47304 --- [gigaxfer-sync] [           main] o.s.b.a.e.web.EndpointLinksResolver      : Exposing 2 endpoints beneath base path '/actuator'
2026-09-25T19:35:44.747+08:00  INFO 47304 --- [gigaxfer-sync] [           main] o.s.t.web.servlet.TestDispatcherServlet  : Completed initialization in 4 ms
2026-09-25T19:35:44.757+08:00  INFO 47304 --- [gigaxfer-sync] [           main] c.gigaxfer.sync.auth.NodeAuthFilterTest  : Started NodeAuthFilterTest in 0.23 seconds (process running for 2.628)
2026-09-25T19:35:44.765+08:00  INFO 47304 --- [gigaxfer-sync] [   db-bootstrap] com.zaxxer.hikari.HikariDataSource       : HikariPool-2 - Starting...
2026-09-25T19:35:44.766+08:00  INFO 47304 --- [gigaxfer-sync] [   db-bootstrap] com.zaxxer.hikari.HikariDataSource       : HikariPool-2 - Start completed.
2026-09-25T19:35:44.767+08:00  INFO 47304 --- [gigaxfer-sync] [   db-bootstrap] org.flywaydb.core.FlywayExecutor         : Database: jdbc:h2:mem:gigaxfer (H2 2.3)
2026-09-25T19:35:44.769+08:00  WARN 47304 --- [gigaxfer-sync] [   db-bootstrap] o.f.c.internal.database.base.Database    : Flyway upgrade recommended: H2 2.3.232 is newer than this version of Flyway and support has not been tested. The latest supported version of H2 is 2.2.224.
2026-09-25T19:35:44.800+08:00  WARN 47304 --- [gigaxfer-sync] [   db-bootstrap] o.f.c.internal.database.base.Database    : Flyway upgrade recommended: H2 2.3.232 is newer than this version of Flyway and support has not been tested. The latest supported version of H2 is 2.2.224.
2026-09-25T19:35:44.805+08:00  INFO 47304 --- [gigaxfer-sync] [   db-bootstrap] o.f.core.internal.command.DbValidate     : Successfully validated 1 migration (execution time 00:00.003s)
2026-09-25T19:35:44.806+08:00  INFO 47304 --- [gigaxfer-sync] [   db-bootstrap] o.f.core.internal.command.DbMigrate      : Current version of schema "PUBLIC": 1
2026-09-25T19:35:44.806+08:00  INFO 47304 --- [gigaxfer-sync] [   db-bootstrap] o.f.core.internal.command.DbMigrate      : Schema "PUBLIC" is up to date. No migration necessary.
2026-09-25T19:35:44.808+08:00  INFO 47304 --- [gigaxfer-sync] [   db-bootstrap] com.gigaxfer.sync.db.DbBootstrap         : database migrated and bootstrapped
2026-09-25T19:35:44.835+08:00  INFO 47304 --- [gigaxfer-sync] [           main] com.zaxxer.hikari.HikariDataSource       : HikariPool-2 - Shutdown initiated...
2026-09-25T19:35:44.836+08:00  INFO 47304 --- [gigaxfer-sync] [           main] com.zaxxer.hikari.HikariDataSource       : HikariPool-2 - Shutdown completed.
[INFO] Tests run: 15, Failures: 0, Errors: 0, Skipped: 0, Time elapsed: 0.334 s -- in com.gigaxfer.sync.auth.NodeAuthFilterTest
[INFO] Running com.gigaxfer.sync.auth.ProductionAuthResponsesTest
2026-09-25T19:35:44.840+08:00  INFO 47304 --- [gigaxfer-sync] [           main] t.c.s.AnnotationConfigContextLoaderUtils : Could not detect default configuration classes for test class [com.gigaxfer.sync.auth.ProductionAuthResponsesTest]: ProductionAuthResponsesTest does not declare any static, non-private, non-final, nested classes annotated with @Configuration.
2026-09-25T19:35:44.841+08:00  INFO 47304 --- [gigaxfer-sync] [           main] .b.t.c.SpringBootTestContextBootstrapper : Found @SpringBootConfiguration com.gigaxfer.sync.GigaxferSyncApplication for test class com.gigaxfer.sync.auth.ProductionAuthResponsesTest

  .   ____          _            __ _ _
 /\\ / ___'_ __ _ _(_)_ __  __ _ \ \ \ \
( ( )\___ | '_ | '_| | '_ \/ _` | \ \ \ \
 \\/  ___)| |_)| | | | | || (_| |  ) ) ) )
  '  |____| .__|_| |_|_| |_\__, | / / / /
 =========|_|==============|___/=/_/_/_/

 :: Spring Boot ::                (v3.4.4)

2026-09-25T19:35:44.858+08:00  INFO 47304 --- [gigaxfer-sync] [           main] c.g.s.auth.ProductionAuthResponsesTest   : Starting ProductionAuthResponsesTest using Java 27 with PID 47304 (started by johnson.chiang in /Users/johnson.chiang/workspace/gigaxfer/gigaxfer-sync-service)
2026-09-25T19:35:44.858+08:00  INFO 47304 --- [gigaxfer-sync] [           main] c.g.s.auth.ProductionAuthResponsesTest   : The following 1 profile is active: "test"
2026-09-25T19:35:45.020+08:00  INFO 47304 --- [gigaxfer-sync] [           main] o.s.b.t.m.w.SpringBootMockServletContext : Initializing Spring TestDispatcherServlet ''
2026-09-25T19:35:45.020+08:00  INFO 47304 --- [gigaxfer-sync] [           main] o.s.t.web.servlet.TestDispatcherServlet  : Initializing Servlet ''
2026-09-25T19:35:45.021+08:00  INFO 47304 --- [gigaxfer-sync] [           main] o.s.b.a.e.web.EndpointLinksResolver      : Exposing 2 endpoints beneath base path '/actuator'
2026-09-25T19:35:45.022+08:00  INFO 47304 --- [gigaxfer-sync] [           main] o.s.t.web.servlet.TestDispatcherServlet  : Completed initialization in 2 ms
2026-09-25T19:35:45.029+08:00  INFO 47304 --- [gigaxfer-sync] [           main] c.g.s.auth.ProductionAuthResponsesTest   : Started ProductionAuthResponsesTest in 0.187 seconds (process running for 2.901)
2026-09-25T19:35:45.033+08:00  INFO 47304 --- [gigaxfer-sync] [   db-bootstrap] com.zaxxer.hikari.HikariDataSource       : HikariPool-3 - Starting...
2026-09-25T19:35:45.034+08:00  INFO 47304 --- [gigaxfer-sync] [   db-bootstrap] com.zaxxer.hikari.HikariDataSource       : HikariPool-3 - Start completed.
2026-09-25T19:35:45.035+08:00  INFO 47304 --- [gigaxfer-sync] [   db-bootstrap] org.flywaydb.core.FlywayExecutor         : Database: jdbc:h2:mem:gigaxfer (H2 2.3)
2026-09-25T19:35:45.036+08:00  WARN 47304 --- [gigaxfer-sync] [   db-bootstrap] o.f.c.internal.database.base.Database    : Flyway upgrade recommended: H2 2.3.232 is newer than this version of Flyway and support has not been tested. The latest supported version of H2 is 2.2.224.
2026-09-25T19:35:45.042+08:00  INFO 47304 --- [gigaxfer-sync] [           main] com.zaxxer.hikari.HikariDataSource       : HikariPool-3 - Shutdown initiated...
2026-09-25T19:35:45.043+08:00  WARN 47304 --- [gigaxfer-sync] [   db-bootstrap] com.gigaxfer.sync.db.DbBootstrap         : database not ready (Unable to obtain connection from database: HikariPool-3 - Interrupted during connection acquisition
---------------------------------------------------------------------------------------------------
SQL State  : null
Error Code : 0
Message    : HikariPool-3 - Interrupted during connection acquisition
); retrying in 5000 ms
2026-09-25T19:35:45.070+08:00  INFO 47304 --- [gigaxfer-sync] [           main] com.zaxxer.hikari.HikariDataSource       : HikariPool-3 - Shutdown completed.
[INFO] Tests run: 1, Failures: 0, Errors: 0, Skipped: 0, Time elapsed: 0.233 s -- in com.gigaxfer.sync.auth.ProductionAuthResponsesTest
[INFO] Running com.gigaxfer.sync.health.NfsTimeoutHealthTest
2026-09-25T19:35:45.078+08:00  INFO 47304 --- [gigaxfer-sync] [           main] .b.t.c.SpringBootTestContextBootstrapper : Found @SpringBootConfiguration com.gigaxfer.sync.GigaxferSyncApplication for test class com.gigaxfer.sync.health.NfsTimeoutHealthTest

  .   ____          _            __ _ _
 /\\ / ___'_ __ _ _(_)_ __  __ _ \ \ \ \
( ( )\___ | '_ | '_| | '_ \/ _` | \ \ \ \
 \\/  ___)| |_)| | | | | || (_| |  ) ) ) )
  '  |____| .__|_| |_|_| |_\__, | / / / /
 =========|_|==============|___/=/_/_/_/

 :: Spring Boot ::                (v3.4.4)

2026-09-25T19:35:45.091+08:00  INFO 47304 --- [gigaxfer-sync] [           main] c.g.sync.health.NfsTimeoutHealthTest     : Starting NfsTimeoutHealthTest using Java 27 with PID 47304 (started by johnson.chiang in /Users/johnson.chiang/workspace/gigaxfer/gigaxfer-sync-service)
2026-09-25T19:35:45.091+08:00  INFO 47304 --- [gigaxfer-sync] [           main] c.g.sync.health.NfsTimeoutHealthTest     : The following 1 profile is active: "test"
2026-09-25T19:35:45.241+08:00  INFO 47304 --- [gigaxfer-sync] [           main] o.s.b.t.m.w.SpringBootMockServletContext : Initializing Spring TestDispatcherServlet ''
2026-09-25T19:35:45.241+08:00  INFO 47304 --- [gigaxfer-sync] [           main] o.s.t.web.servlet.TestDispatcherServlet  : Initializing Servlet ''
2026-09-25T19:35:45.242+08:00  INFO 47304 --- [gigaxfer-sync] [           main] o.s.b.a.e.web.EndpointLinksResolver      : Exposing 2 endpoints beneath base path '/actuator'
2026-09-25T19:35:45.243+08:00  INFO 47304 --- [gigaxfer-sync] [           main] o.s.t.web.servlet.TestDispatcherServlet  : Completed initialization in 2 ms
2026-09-25T19:35:45.253+08:00  INFO 47304 --- [gigaxfer-sync] [   db-bootstrap] com.zaxxer.hikari.HikariDataSource       : HikariPool-4 - Starting...
2026-09-25T19:35:45.255+08:00  INFO 47304 --- [gigaxfer-sync] [   db-bootstrap] com.zaxxer.hikari.HikariDataSource       : HikariPool-4 - Start completed.
2026-09-25T19:35:45.256+08:00  INFO 47304 --- [gigaxfer-sync] [           main] c.g.sync.health.NfsTimeoutHealthTest     : Started NfsTimeoutHealthTest in 0.176 seconds (process running for 3.127)
2026-09-25T19:35:45.257+08:00  INFO 47304 --- [gigaxfer-sync] [   db-bootstrap] org.flywaydb.core.FlywayExecutor         : Database: jdbc:h2:mem:gigaxfer (H2 2.3)
2026-09-25T19:35:45.257+08:00  WARN 47304 --- [gigaxfer-sync] [   db-bootstrap] o.f.c.internal.database.base.Database    : Flyway upgrade recommended: H2 2.3.232 is newer than this version of Flyway and support has not been tested. The latest supported version of H2 is 2.2.224.
2026-09-25T19:35:45.267+08:00  WARN 47304 --- [gigaxfer-sync] [   db-bootstrap] com.gigaxfer.sync.db.DbBootstrap         : database not ready (Unable to obtain connection from database: HikariPool-4 - Interrupted during connection acquisition
---------------------------------------------------------------------------------------------------
SQL State  : null
Error Code : 0
Message    : HikariPool-4 - Interrupted during connection acquisition
); retrying in 5000 ms
2026-09-25T19:35:45.267+08:00  INFO 47304 --- [gigaxfer-sync] [           main] com.zaxxer.hikari.HikariDataSource       : HikariPool-4 - Shutdown initiated...
2026-09-25T19:35:45.287+08:00  INFO 47304 --- [gigaxfer-sync] [           main] com.zaxxer.hikari.HikariDataSource       : HikariPool-4 - Shutdown completed.
[INFO] Tests run: 1, Failures: 0, Errors: 0, Skipped: 0, Time elapsed: 0.215 s -- in com.gigaxfer.sync.health.NfsTimeoutHealthTest
[INFO] Running com.gigaxfer.sync.health.HealthGaugeTest
2026-09-25T19:35:45.291+08:00  INFO 47304 --- [gigaxfer-sync] [           main] t.c.s.AnnotationConfigContextLoaderUtils : Could not detect default configuration classes for test class [com.gigaxfer.sync.health.HealthGaugeTest]: HealthGaugeTest does not declare any static, non-private, non-final, nested classes annotated with @Configuration.
2026-09-25T19:35:45.292+08:00  INFO 47304 --- [gigaxfer-sync] [           main] .b.t.c.SpringBootTestContextBootstrapper : Found @SpringBootConfiguration com.gigaxfer.sync.GigaxferSyncApplication for test class com.gigaxfer.sync.health.HealthGaugeTest

  .   ____          _            __ _ _
 /\\ / ___'_ __ _ _(_)_ __  __ _ \ \ \ \
( ( )\___ | '_ | '_| | '_ \/ _` | \ \ \ \
 \\/  ___)| |_)| | | | | || (_| |  ) ) ) )
  '  |____| .__|_| |_|_| |_\__, | / / / /
 =========|_|==============|___/=/_/_/_/

 :: Spring Boot ::                (v3.4.4)

2026-09-25T19:35:45.307+08:00  INFO 47304 --- [gigaxfer-sync] [           main] c.gigaxfer.sync.health.HealthGaugeTest   : Starting HealthGaugeTest using Java 27 with PID 47304 (started by johnson.chiang in /Users/johnson.chiang/workspace/gigaxfer/gigaxfer-sync-service)
2026-09-25T19:35:45.307+08:00  INFO 47304 --- [gigaxfer-sync] [           main] c.gigaxfer.sync.health.HealthGaugeTest   : The following 1 profile is active: "test"
2026-09-25T19:35:45.420+08:00  INFO 47304 --- [gigaxfer-sync] [           main] o.s.b.a.e.web.EndpointLinksResolver      : Exposing 2 endpoints beneath base path '/actuator'
2026-09-25T19:35:45.429+08:00  INFO 47304 --- [gigaxfer-sync] [   db-bootstrap] com.zaxxer.hikari.HikariDataSource       : HikariPool-5 - Starting...
2026-09-25T19:35:45.430+08:00  INFO 47304 --- [gigaxfer-sync] [           main] c.gigaxfer.sync.health.HealthGaugeTest   : Started HealthGaugeTest in 0.136 seconds (process running for 3.301)
2026-09-25T19:35:45.430+08:00  INFO 47304 --- [gigaxfer-sync] [   db-bootstrap] com.zaxxer.hikari.HikariDataSource       : HikariPool-5 - Start completed.
2026-09-25T19:35:45.432+08:00  INFO 47304 --- [gigaxfer-sync] [   db-bootstrap] org.flywaydb.core.FlywayExecutor         : Database: jdbc:h2:mem:gigaxfer (H2 2.3)
2026-09-25T19:35:45.433+08:00  WARN 47304 --- [gigaxfer-sync] [   db-bootstrap] o.f.c.internal.database.base.Database    : Flyway upgrade recommended: H2 2.3.232 is newer than this version of Flyway and support has not been tested. The latest supported version of H2 is 2.2.224.
2026-09-25T19:35:45.466+08:00  WARN 47304 --- [gigaxfer-sync] [   db-bootstrap] o.f.c.internal.database.base.Database    : Flyway upgrade recommended: H2 2.3.232 is newer than this version of Flyway and support has not been tested. The latest supported version of H2 is 2.2.224.
2026-09-25T19:35:45.467+08:00  INFO 47304 --- [gigaxfer-sync] [   db-bootstrap] o.f.core.internal.command.DbValidate     : Successfully validated 1 migration (execution time 00:00.000s)
2026-09-25T19:35:45.468+08:00  INFO 47304 --- [gigaxfer-sync] [   db-bootstrap] o.f.core.internal.command.DbMigrate      : Current version of schema "PUBLIC": 1
2026-09-25T19:35:45.468+08:00  INFO 47304 --- [gigaxfer-sync] [   db-bootstrap] o.f.core.internal.command.DbMigrate      : Schema "PUBLIC" is up to date. No migration necessary.
2026-09-25T19:35:45.468+08:00  INFO 47304 --- [gigaxfer-sync] [   db-bootstrap] com.gigaxfer.sync.db.DbBootstrap         : database migrated and bootstrapped
2026-09-25T19:35:45.473+08:00  INFO 47304 --- [gigaxfer-sync] [           main] com.zaxxer.hikari.HikariDataSource       : HikariPool-5 - Shutdown initiated...
2026-09-25T19:35:45.495+08:00  INFO 47304 --- [gigaxfer-sync] [           main] com.zaxxer.hikari.HikariDataSource       : HikariPool-5 - Shutdown completed.
[INFO] Tests run: 1, Failures: 0, Errors: 0, Skipped: 0, Time elapsed: 0.207 s -- in com.gigaxfer.sync.health.HealthGaugeTest
[INFO] Running com.gigaxfer.sync.health.HealthEndpointTest
2026-09-25T19:35:45.498+08:00  INFO 47304 --- [gigaxfer-sync] [           main] t.c.s.AnnotationConfigContextLoaderUtils : Could not detect default configuration classes for test class [com.gigaxfer.sync.health.HealthEndpointTest]: HealthEndpointTest does not declare any static, non-private, non-final, nested classes annotated with @Configuration.
2026-09-25T19:35:45.499+08:00  INFO 47304 --- [gigaxfer-sync] [           main] .b.t.c.SpringBootTestContextBootstrapper : Found @SpringBootConfiguration com.gigaxfer.sync.GigaxferSyncApplication for test class com.gigaxfer.sync.health.HealthEndpointTest

  .   ____          _            __ _ _
 /\\ / ___'_ __ _ _(_)_ __  __ _ \ \ \ \
( ( )\___ | '_ | '_| | '_ \/ _` | \ \ \ \
 \\/  ___)| |_)| | | | | || (_| |  ) ) ) )
  '  |____| .__|_| |_|_| |_\__, | / / / /
 =========|_|==============|___/=/_/_/_/

 :: Spring Boot ::                (v3.4.4)

2026-09-25T19:35:45.509+08:00  INFO 47304 --- [gigaxfer-sync] [           main] c.g.sync.health.HealthEndpointTest       : Starting HealthEndpointTest using Java 27 with PID 47304 (started by johnson.chiang in /Users/johnson.chiang/workspace/gigaxfer/gigaxfer-sync-service)
2026-09-25T19:35:45.509+08:00  INFO 47304 --- [gigaxfer-sync] [           main] c.g.sync.health.HealthEndpointTest       : The following 1 profile is active: "test"
2026-09-25T19:35:45.635+08:00  INFO 47304 --- [gigaxfer-sync] [           main] o.s.b.t.m.w.SpringBootMockServletContext : Initializing Spring TestDispatcherServlet ''
2026-09-25T19:35:45.635+08:00  INFO 47304 --- [gigaxfer-sync] [           main] o.s.t.web.servlet.TestDispatcherServlet  : Initializing Servlet ''
2026-09-25T19:35:45.636+08:00  INFO 47304 --- [gigaxfer-sync] [           main] o.s.b.a.e.web.EndpointLinksResolver      : Exposing 2 endpoints beneath base path '/actuator'
2026-09-25T19:35:45.637+08:00  INFO 47304 --- [gigaxfer-sync] [           main] o.s.t.web.servlet.TestDispatcherServlet  : Completed initialization in 2 ms
2026-09-25T19:35:45.650+08:00  INFO 47304 --- [gigaxfer-sync] [           main] c.g.sync.health.HealthEndpointTest       : Started HealthEndpointTest in 0.15 seconds (process running for 3.522)
2026-09-25T19:35:45.654+08:00  INFO 47304 --- [gigaxfer-sync] [   db-bootstrap] com.zaxxer.hikari.HikariDataSource       : HikariPool-6 - Starting...
2026-09-25T19:35:45.655+08:00  INFO 47304 --- [gigaxfer-sync] [   db-bootstrap] com.zaxxer.hikari.HikariDataSource       : HikariPool-6 - Start completed.
2026-09-25T19:35:45.656+08:00  INFO 47304 --- [gigaxfer-sync] [   db-bootstrap] org.flywaydb.core.FlywayExecutor         : Database: jdbc:h2:mem:gigaxfer (H2 2.3)
2026-09-25T19:35:45.657+08:00  WARN 47304 --- [gigaxfer-sync] [   db-bootstrap] o.f.c.internal.database.base.Database    : Flyway upgrade recommended: H2 2.3.232 is newer than this version of Flyway and support has not been tested. The latest supported version of H2 is 2.2.224.
2026-09-25T19:35:45.689+08:00  WARN 47304 --- [gigaxfer-sync] [   db-bootstrap] o.f.c.internal.database.base.Database    : Flyway upgrade recommended: H2 2.3.232 is newer than this version of Flyway and support has not been tested. The latest supported version of H2 is 2.2.224.
2026-09-25T19:35:45.690+08:00  INFO 47304 --- [gigaxfer-sync] [   db-bootstrap] o.f.core.internal.command.DbValidate     : Successfully validated 1 migration (execution time 00:00.000s)
2026-09-25T19:35:45.690+08:00  INFO 47304 --- [gigaxfer-sync] [   db-bootstrap] o.f.core.internal.command.DbMigrate      : Current version of schema "PUBLIC": 1
2026-09-25T19:35:45.690+08:00  INFO 47304 --- [gigaxfer-sync] [   db-bootstrap] o.f.core.internal.command.DbMigrate      : Schema "PUBLIC" is up to date. No migration necessary.
2026-09-25T19:35:45.691+08:00  INFO 47304 --- [gigaxfer-sync] [   db-bootstrap] com.gigaxfer.sync.db.DbBootstrap         : database migrated and bootstrapped
2026-09-25T19:35:45.702+08:00  INFO 47304 --- [gigaxfer-sync] [           main] com.zaxxer.hikari.HikariDataSource       : HikariPool-6 - Shutdown initiated...
2026-09-25T19:35:45.718+08:00  INFO 47304 --- [gigaxfer-sync] [           main] com.zaxxer.hikari.HikariDataSource       : HikariPool-6 - Shutdown completed.
[INFO] Tests run: 3, Failures: 0, Errors: 0, Skipped: 0, Time elapsed: 0.222 s -- in com.gigaxfer.sync.health.HealthEndpointTest
[INFO] Running com.gigaxfer.sync.StartupRefusalTest

  .   ____          _            __ _ _
 /\\ / ___'_ __ _ _(_)_ __  __ _ \ \ \ \
( ( )\___ | '_ | '_| | '_ \/ _` | \ \ \ \
 \\/  ___)| |_)| | | | | || (_| |  ) ) ) )
  '  |____| .__|_| |_|_| |_\__, | / / / /
 =========|_|==============|___/=/_/_/_/

 :: Spring Boot ::                (v3.4.4)

2026-09-25T19:35:45.731+08:00  INFO 47304 --- [gigaxfer-sync] [           main] o.a.maven.surefire.booter.ForkedBooter   : Starting ForkedBooter v3.5.2 using Java 27 with PID 47304 (started by johnson.chiang in /Users/johnson.chiang/workspace/gigaxfer/gigaxfer-sync-service)
2026-09-25T19:35:45.731+08:00  INFO 47304 --- [gigaxfer-sync] [           main] o.a.maven.surefire.booter.ForkedBooter   : No active profile set, falling back to 1 default profile: "default"
2026-09-25T19:35:45.785+08:00  WARN 47304 --- [gigaxfer-sync] [           main] s.c.a.AnnotationConfigApplicationContext : Exception encountered during context initialization - cancelling refresh attempt: org.springframework.beans.factory.UnsatisfiedDependencyException: Error creating bean with name 'nodeAuthFilter' defined in file [/Users/johnson.chiang/workspace/gigaxfer/gigaxfer-sync-service/target/classes/com/gigaxfer/sync/auth/NodeAuthFilter.class]: Unsatisfied dependency expressed through constructor parameter 0: Error creating bean with name 'nodeConfig' defined in class path resource [com/gigaxfer/sync/config/ConfigBootstrap.class]: Unsatisfied dependency expressed through method 'nodeConfig' parameter 0: Error creating bean with name 'configActivation' defined in class path resource [com/gigaxfer/sync/config/ConfigBootstrap.class]: Failed to instantiate [com.gigaxfer.sync.config.ConfigActivation]: Factory method 'configActivation' threw exception with message: no valid active or lkg config; initialise active.json first
2026-09-25T19:35:45.788+08:00  INFO 47304 --- [gigaxfer-sync] [           main] .s.b.a.l.ConditionEvaluationReportLogger : 

Error starting ApplicationContext. To display the condition evaluation report re-run your application with 'debug' enabled.
2026-09-25T19:35:45.794+08:00 ERROR 47304 --- [gigaxfer-sync] [           main] o.s.boot.SpringApplication               : Application run failed

org.springframework.beans.factory.UnsatisfiedDependencyException: Error creating bean with name 'nodeAuthFilter' defined in file [/Users/johnson.chiang/workspace/gigaxfer/gigaxfer-sync-service/target/classes/com/gigaxfer/sync/auth/NodeAuthFilter.class]: Unsatisfied dependency expressed through constructor parameter 0: Error creating bean with name 'nodeConfig' defined in class path resource [com/gigaxfer/sync/config/ConfigBootstrap.class]: Unsatisfied dependency expressed through method 'nodeConfig' parameter 0: Error creating bean with name 'configActivation' defined in class path resource [com/gigaxfer/sync/config/ConfigBootstrap.class]: Failed to instantiate [com.gigaxfer.sync.config.ConfigActivation]: Factory method 'configActivation' threw exception with message: no valid active or lkg config; initialise active.json first
	at org.springframework.beans.factory.support.ConstructorResolver.createArgumentArray(ConstructorResolver.java:804) ~[spring-beans-6.2.5.jar:6.2.5]
	at org.springframework.beans.factory.support.ConstructorResolver.autowireConstructor(ConstructorResolver.java:240) ~[spring-beans-6.2.5.jar:6.2.5]
	at org.springframework.beans.factory.support.AbstractAutowireCapableBeanFactory.autowireConstructor(AbstractAutowireCapableBeanFactory.java:1381) ~[spring-beans-6.2.5.jar:6.2.5]
	at org.springframework.beans.factory.support.AbstractAutowireCapableBeanFactory.createBeanInstance(AbstractAutowireCapableBeanFactory.java:1218) ~[spring-beans-6.2.5.jar:6.2.5]
	at org.springframework.beans.factory.support.AbstractAutowireCapableBeanFactory.doCreateBean(AbstractAutowireCapableBeanFactory.java:563) ~[spring-beans-6.2.5.jar:6.2.5]
	at org.springframework.beans.factory.support.AbstractAutowireCapableBeanFactory.createBean(AbstractAutowireCapableBeanFactory.java:523) ~[spring-beans-6.2.5.jar:6.2.5]
	at org.springframework.beans.factory.support.AbstractBeanFactory.lambda$doGetBean$0(AbstractBeanFactory.java:339) ~[spring-beans-6.2.5.jar:6.2.5]
	at org.springframework.beans.factory.support.DefaultSingletonBeanRegistry.getSingleton(DefaultSingletonBeanRegistry.java:347) ~[spring-beans-6.2.5.jar:6.2.5]
	at org.springframework.beans.factory.support.AbstractBeanFactory.doGetBean(AbstractBeanFactory.java:337) ~[spring-beans-6.2.5.jar:6.2.5]
	at org.springframework.beans.factory.support.AbstractBeanFactory.getBean(AbstractBeanFactory.java:202) ~[spring-beans-6.2.5.jar:6.2.5]
	at org.springframework.beans.factory.support.DefaultListableBeanFactory.instantiateSingleton(DefaultListableBeanFactory.java:1155) ~[spring-beans-6.2.5.jar:6.2.5]
	at org.springframework.beans.factory.support.DefaultListableBeanFactory.preInstantiateSingleton(DefaultListableBeanFactory.java:1121) ~[spring-beans-6.2.5.jar:6.2.5]
	at org.springframework.beans.factory.support.DefaultListableBeanFactory.preInstantiateSingletons(DefaultListableBeanFactory.java:1056) ~[spring-beans-6.2.5.jar:6.2.5]
	at org.springframework.context.support.AbstractApplicationContext.finishBeanFactoryInitialization(AbstractApplicationContext.java:987) ~[spring-context-6.2.5.jar:6.2.5]
	at org.springframework.context.support.AbstractApplicationContext.refresh(AbstractApplicationContext.java:627) ~[spring-context-6.2.5.jar:6.2.5]
	at org.springframework.boot.SpringApplication.refresh(SpringApplication.java:752) ~[spring-boot-3.4.4.jar:3.4.4]
	at org.springframework.boot.SpringApplication.refreshContext(SpringApplication.java:439) ~[spring-boot-3.4.4.jar:3.4.4]
	at org.springframework.boot.SpringApplication.run(SpringApplication.java:318) ~[spring-boot-3.4.4.jar:3.4.4]
	at org.springframework.boot.builder.SpringApplicationBuilder.run(SpringApplicationBuilder.java:149) ~[spring-boot-3.4.4.jar:3.4.4]
	at com.gigaxfer.sync.StartupRefusalTest.lambda$missing_active_and_lkg_refuses_to_start$0(StartupRefusalTest.java:46) ~[test-classes/:na]
	at org.assertj.core.api.ThrowableAssert.catchThrowable(ThrowableAssert.java:63) ~[assertj-core-3.27.3.jar:na]
	at org.assertj.core.api.AssertionsForClassTypes.catchThrowable(AssertionsForClassTypes.java:904) ~[assertj-core-3.27.3.jar:na]
	at org.assertj.core.api.Assertions.catchThrowable(Assertions.java:1472) ~[assertj-core-3.27.3.jar:na]
	at org.assertj.core.api.Assertions.assertThatThrownBy(Assertions.java:1315) ~[assertj-core-3.27.3.jar:na]
	at com.gigaxfer.sync.StartupRefusalTest.missing_active_and_lkg_refuses_to_start(StartupRefusalTest.java:46) ~[test-classes/:na]
	at java.base/jdk.internal.reflect.DirectMethodHandleAccessor.invoke(DirectMethodHandleAccessor.java:104) ~[na:na]
	at java.base/java.lang.reflect.Method.invoke(Method.java:583) ~[na:na]
	at org.junit.platform.commons.util.ReflectionUtils.invokeMethod(ReflectionUtils.java:767) ~[junit-platform-commons-1.11.4.jar:1.11.4]
	at org.junit.jupiter.engine.execution.MethodInvocation.proceed(MethodInvocation.java:60) ~[junit-jupiter-engine-5.11.4.jar:5.11.4]
	at org.junit.jupiter.engine.execution.InvocationInterceptorChain$ValidatingInvocation.proceed(InvocationInterceptorChain.java:131) ~[junit-jupiter-engine-5.11.4.jar:5.11.4]
	at org.junit.jupiter.engine.extension.TimeoutExtension.intercept(TimeoutExtension.java:156) ~[junit-jupiter-engine-5.11.4.jar:5.11.4]
	at org.junit.jupiter.engine.extension.TimeoutExtension.interceptTestableMethod(TimeoutExtension.java:147) ~[junit-jupiter-engine-5.11.4.jar:5.11.4]
	at org.junit.jupiter.engine.extension.TimeoutExtension.interceptTestMethod(TimeoutExtension.java:86) ~[junit-jupiter-engine-5.11.4.jar:5.11.4]
	at org.junit.jupiter.engine.execution.InterceptingExecutableInvoker$ReflectiveInterceptorCall.lambda$ofVoidMethod$0(InterceptingExecutableInvoker.java:103) ~[junit-jupiter-engine-5.11.4.jar:5.11.4]
	at org.junit.jupiter.engine.execution.InterceptingExecutableInvoker.lambda$invoke$0(InterceptingExecutableInvoker.java:93) ~[junit-jupiter-engine-5.11.4.jar:5.11.4]
	at org.junit.jupiter.engine.execution.InvocationInterceptorChain$InterceptedInvocation.proceed(InvocationInterceptorChain.java:106) ~[junit-jupiter-engine-5.11.4.jar:5.11.4]
	at org.junit.jupiter.engine.execution.InvocationInterceptorChain.proceed(InvocationInterceptorChain.java:64) ~[junit-jupiter-engine-5.11.4.jar:5.11.4]
	at org.junit.jupiter.engine.execution.InvocationInterceptorChain.chainAndInvoke(InvocationInterceptorChain.java:45) ~[junit-jupiter-engine-5.11.4.jar:5.11.4]
	at org.junit.jupiter.engine.execution.InvocationInterceptorChain.invoke(InvocationInterceptorChain.java:37) ~[junit-jupiter-engine-5.11.4.jar:5.11.4]
	at org.junit.jupiter.engine.execution.InterceptingExecutableInvoker.invoke(InterceptingExecutableInvoker.java:92) ~[junit-jupiter-engine-5.11.4.jar:5.11.4]
	at org.junit.jupiter.engine.execution.InterceptingExecutableInvoker.invoke(InterceptingExecutableInvoker.java:86) ~[junit-jupiter-engine-5.11.4.jar:5.11.4]
	at org.junit.jupiter.engine.descriptor.TestMethodTestDescriptor.lambda$invokeTestMethod$8(TestMethodTestDescriptor.java:217) ~[junit-jupiter-engine-5.11.4.jar:5.11.4]
	at org.junit.platform.engine.support.hierarchical.ThrowableCollector.execute(ThrowableCollector.java:73) ~[junit-platform-engine-1.11.4.jar:1.11.4]
	at org.junit.jupiter.engine.descriptor.TestMethodTestDescriptor.invokeTestMethod(TestMethodTestDescriptor.java:213) ~[junit-jupiter-engine-5.11.4.jar:5.11.4]
	at org.junit.jupiter.engine.descriptor.TestMethodTestDescriptor.execute(TestMethodTestDescriptor.java:138) ~[junit-jupiter-engine-5.11.4.jar:5.11.4]
	at org.junit.jupiter.engine.descriptor.TestMethodTestDescriptor.execute(TestMethodTestDescriptor.java:68) ~[junit-jupiter-engine-5.11.4.jar:5.11.4]
	at org.junit.platform.engine.support.hierarchical.NodeTestTask.lambda$executeRecursively$6(NodeTestTask.java:156) ~[junit-platform-engine-1.11.4.jar:1.11.4]
	at org.junit.platform.engine.support.hierarchical.ThrowableCollector.execute(ThrowableCollector.java:73) ~[junit-platform-engine-1.11.4.jar:1.11.4]
	at org.junit.platform.engine.support.hierarchical.NodeTestTask.lambda$executeRecursively$8(NodeTestTask.java:146) ~[junit-platform-engine-1.11.4.jar:1.11.4]
	at org.junit.platform.engine.support.hierarchical.Node.around(Node.java:137) ~[junit-platform-engine-1.11.4.jar:1.11.4]
	at org.junit.platform.engine.support.hierarchical.NodeTestTask.lambda$executeRecursively$9(NodeTestTask.java:144) ~[junit-platform-engine-1.11.4.jar:1.11.4]
	at org.junit.platform.engine.support.hierarchical.ThrowableCollector.execute(ThrowableCollector.java:73) ~[junit-platform-engine-1.11.4.jar:1.11.4]
	at org.junit.platform.engine.support.hierarchical.NodeTestTask.executeRecursively(NodeTestTask.java:143) ~[junit-platform-engine-1.11.4.jar:1.11.4]
	at org.junit.platform.engine.support.hierarchical.NodeTestTask.execute(NodeTestTask.java:100) ~[junit-platform-engine-1.11.4.jar:1.11.4]
	at java.base/java.util.ArrayList.forEach(ArrayList.java:1612) ~[na:na]
	at org.junit.platform.engine.support.hierarchical.SameThreadHierarchicalTestExecutorService.invokeAll(SameThreadHierarchicalTestExecutorService.java:41) ~[junit-platform-engine-1.11.4.jar:1.11.4]
	at org.junit.platform.engine.support.hierarchical.NodeTestTask.lambda$executeRecursively$6(NodeTestTask.java:160) ~[junit-platform-engine-1.11.4.jar:1.11.4]
	at org.junit.platform.engine.support.hierarchical.ThrowableCollector.execute(ThrowableCollector.java:73) ~[junit-platform-engine-1.11.4.jar:1.11.4]
	at org.junit.platform.engine.support.hierarchical.NodeTestTask.lambda$executeRecursively$8(NodeTestTask.java:146) ~[junit-platform-engine-1.11.4.jar:1.11.4]
	at org.junit.platform.engine.support.hierarchical.Node.around(Node.java:137) ~[junit-platform-engine-1.11.4.jar:1.11.4]
	at org.junit.platform.engine.support.hierarchical.NodeTestTask.lambda$executeRecursively$9(NodeTestTask.java:144) ~[junit-platform-engine-1.11.4.jar:1.11.4]
	at org.junit.platform.engine.support.hierarchical.ThrowableCollector.execute(ThrowableCollector.java:73) ~[junit-platform-engine-1.11.4.jar:1.11.4]
	at org.junit.platform.engine.support.hierarchical.NodeTestTask.executeRecursively(NodeTestTask.java:143) ~[junit-platform-engine-1.11.4.jar:1.11.4]
	at org.junit.platform.engine.support.hierarchical.NodeTestTask.execute(NodeTestTask.java:100) ~[junit-platform-engine-1.11.4.jar:1.11.4]
	at java.base/java.util.ArrayList.forEach(ArrayList.java:1612) ~[na:na]
	at org.junit.platform.engine.support.hierarchical.SameThreadHierarchicalTestExecutorService.invokeAll(SameThreadHierarchicalTestExecutorService.java:41) ~[junit-platform-engine-1.11.4.jar:1.11.4]
	at org.junit.platform.engine.support.hierarchical.NodeTestTask.lambda$executeRecursively$6(NodeTestTask.java:160) ~[junit-platform-engine-1.11.4.jar:1.11.4]
	at org.junit.platform.engine.support.hierarchical.ThrowableCollector.execute(ThrowableCollector.java:73) ~[junit-platform-engine-1.11.4.jar:1.11.4]
	at org.junit.platform.engine.support.hierarchical.NodeTestTask.lambda$executeRecursively$8(NodeTestTask.java:146) ~[junit-platform-engine-1.11.4.jar:1.11.4]
	at org.junit.platform.engine.support.hierarchical.Node.around(Node.java:137) ~[junit-platform-engine-1.11.4.jar:1.11.4]
	at org.junit.platform.engine.support.hierarchical.NodeTestTask.lambda$executeRecursively$9(NodeTestTask.java:144) ~[junit-platform-engine-1.11.4.jar:1.11.4]
	at org.junit.platform.engine.support.hierarchical.ThrowableCollector.execute(ThrowableCollector.java:73) ~[junit-platform-engine-1.11.4.jar:1.11.4]
	at org.junit.platform.engine.support.hierarchical.NodeTestTask.executeRecursively(NodeTestTask.java:143) ~[junit-platform-engine-1.11.4.jar:1.11.4]
	at org.junit.platform.engine.support.hierarchical.NodeTestTask.execute(NodeTestTask.java:100) ~[junit-platform-engine-1.11.4.jar:1.11.4]
	at org.junit.platform.engine.support.hierarchical.SameThreadHierarchicalTestExecutorService.submit(SameThreadHierarchicalTestExecutorService.java:35) ~[junit-platform-engine-1.11.4.jar:1.11.4]
	at org.junit.platform.engine.support.hierarchical.HierarchicalTestExecutor.execute(HierarchicalTestExecutor.java:57) ~[junit-platform-engine-1.11.4.jar:1.11.4]
	at org.junit.platform.engine.support.hierarchical.HierarchicalTestEngine.execute(HierarchicalTestEngine.java:54) ~[junit-platform-engine-1.11.4.jar:1.11.4]
	at org.junit.platform.launcher.core.EngineExecutionOrchestrator.execute(EngineExecutionOrchestrator.java:198) ~[junit-platform-launcher-1.11.4.jar:1.11.4]
	at org.junit.platform.launcher.core.EngineExecutionOrchestrator.execute(EngineExecutionOrchestrator.java:169) ~[junit-platform-launcher-1.11.4.jar:1.11.4]
	at org.junit.platform.launcher.core.EngineExecutionOrchestrator.execute(EngineExecutionOrchestrator.java:93) ~[junit-platform-launcher-1.11.4.jar:1.11.4]
	at org.junit.platform.launcher.core.EngineExecutionOrchestrator.lambda$execute$0(EngineExecutionOrchestrator.java:58) ~[junit-platform-launcher-1.11.4.jar:1.11.4]
	at org.junit.platform.launcher.core.EngineExecutionOrchestrator.withInterceptedStreams(EngineExecutionOrchestrator.java:141) ~[junit-platform-launcher-1.11.4.jar:1.11.4]
	at org.junit.platform.launcher.core.EngineExecutionOrchestrator.execute(EngineExecutionOrchestrator.java:57) ~[junit-platform-launcher-1.11.4.jar:1.11.4]
	at org.junit.platform.launcher.core.DefaultLauncher.execute(DefaultLauncher.java:103) ~[junit-platform-launcher-1.11.4.jar:1.11.4]
	at org.junit.platform.launcher.core.DefaultLauncher.execute(DefaultLauncher.java:85) ~[junit-platform-launcher-1.11.4.jar:1.11.4]
	at org.junit.platform.launcher.core.DelegatingLauncher.execute(DelegatingLauncher.java:47) ~[junit-platform-launcher-1.11.4.jar:1.11.4]
	at org.apache.maven.surefire.junitplatform.LazyLauncher.execute(LazyLauncher.java:56) ~[surefire-junit-platform-3.5.2.jar:3.5.2]
	at org.apache.maven.surefire.junitplatform.JUnitPlatformProvider.execute(JUnitPlatformProvider.java:184) ~[surefire-junit-platform-3.5.2.jar:3.5.2]
	at org.apache.maven.surefire.junitplatform.JUnitPlatformProvider.invokeAllTests(JUnitPlatformProvider.java:148) ~[surefire-junit-platform-3.5.2.jar:3.5.2]
	at org.apache.maven.surefire.junitplatform.JUnitPlatformProvider.invoke(JUnitPlatformProvider.java:122) ~[surefire-junit-platform-3.5.2.jar:3.5.2]
	at org.apache.maven.surefire.booter.ForkedBooter.runSuitesInProcess(ForkedBooter.java:385) ~[surefire-booter-3.5.2.jar:3.5.2]
	at org.apache.maven.surefire.booter.ForkedBooter.execute(ForkedBooter.java:162) ~[surefire-booter-3.5.2.jar:3.5.2]
	at org.apache.maven.surefire.booter.ForkedBooter.run(ForkedBooter.java:507) ~[surefire-booter-3.5.2.jar:3.5.2]
	at org.apache.maven.surefire.booter.ForkedBooter.main(ForkedBooter.java:495) ~[surefire-booter-3.5.2.jar:3.5.2]
Caused by: org.springframework.beans.factory.UnsatisfiedDependencyException: Error creating bean with name 'nodeConfig' defined in class path resource [com/gigaxfer/sync/config/ConfigBootstrap.class]: Unsatisfied dependency expressed through method 'nodeConfig' parameter 0: Error creating bean with name 'configActivation' defined in class path resource [com/gigaxfer/sync/config/ConfigBootstrap.class]: Failed to instantiate [com.gigaxfer.sync.config.ConfigActivation]: Factory method 'configActivation' threw exception with message: no valid active or lkg config; initialise active.json first
	at org.springframework.beans.factory.support.ConstructorResolver.createArgumentArray(ConstructorResolver.java:804) ~[spring-beans-6.2.5.jar:6.2.5]
	at org.springframework.beans.factory.support.ConstructorResolver.instantiateUsingFactoryMethod(ConstructorResolver.java:546) ~[spring-beans-6.2.5.jar:6.2.5]
	at org.springframework.beans.factory.support.AbstractAutowireCapableBeanFactory.instantiateUsingFactoryMethod(AbstractAutowireCapableBeanFactory.java:1361) ~[spring-beans-6.2.5.jar:6.2.5]
	at org.springframework.beans.factory.support.AbstractAutowireCapableBeanFactory.createBeanInstance(AbstractAutowireCapableBeanFactory.java:1191) ~[spring-beans-6.2.5.jar:6.2.5]
	at org.springframework.beans.factory.support.AbstractAutowireCapableBeanFactory.doCreateBean(AbstractAutowireCapableBeanFactory.java:563) ~[spring-beans-6.2.5.jar:6.2.5]
	at org.springframework.beans.factory.support.AbstractAutowireCapableBeanFactory.createBean(AbstractAutowireCapableBeanFactory.java:523) ~[spring-beans-6.2.5.jar:6.2.5]
	at org.springframework.beans.factory.support.AbstractBeanFactory.lambda$doGetBean$0(AbstractBeanFactory.java:339) ~[spring-beans-6.2.5.jar:6.2.5]
	at org.springframework.beans.factory.support.DefaultSingletonBeanRegistry.getSingleton(DefaultSingletonBeanRegistry.java:347) ~[spring-beans-6.2.5.jar:6.2.5]
	at org.springframework.beans.factory.support.AbstractBeanFactory.doGetBean(AbstractBeanFactory.java:337) ~[spring-beans-6.2.5.jar:6.2.5]
	at org.springframework.beans.factory.support.AbstractBeanFactory.getBean(AbstractBeanFactory.java:202) ~[spring-beans-6.2.5.jar:6.2.5]
	at org.springframework.beans.factory.config.DependencyDescriptor.resolveCandidate(DependencyDescriptor.java:254) ~[spring-beans-6.2.5.jar:6.2.5]
	at org.springframework.beans.factory.support.DefaultListableBeanFactory.doResolveDependency(DefaultListableBeanFactory.java:1667) ~[spring-beans-6.2.5.jar:6.2.5]
	at org.springframework.beans.factory.support.DefaultListableBeanFactory.resolveDependency(DefaultListableBeanFactory.java:1555) ~[spring-beans-6.2.5.jar:6.2.5]
	at org.springframework.beans.factory.support.ConstructorResolver.resolveAutowiredArgument(ConstructorResolver.java:913) ~[spring-beans-6.2.5.jar:6.2.5]
	at org.springframework.beans.factory.support.ConstructorResolver.createArgumentArray(ConstructorResolver.java:791) ~[spring-beans-6.2.5.jar:6.2.5]
	... 93 common frames omitted
Caused by: org.springframework.beans.factory.BeanCreationException: Error creating bean with name 'configActivation' defined in class path resource [com/gigaxfer/sync/config/ConfigBootstrap.class]: Failed to instantiate [com.gigaxfer.sync.config.ConfigActivation]: Factory method 'configActivation' threw exception with message: no valid active or lkg config; initialise active.json first
	at org.springframework.beans.factory.support.ConstructorResolver.instantiate(ConstructorResolver.java:657) ~[spring-beans-6.2.5.jar:6.2.5]
	at org.springframework.beans.factory.support.ConstructorResolver.instantiateUsingFactoryMethod(ConstructorResolver.java:645) ~[spring-beans-6.2.5.jar:6.2.5]
	at org.springframework.beans.factory.support.AbstractAutowireCapableBeanFactory.instantiateUsingFactoryMethod(AbstractAutowireCapableBeanFactory.java:1361) ~[spring-beans-6.2.5.jar:6.2.5]
	at org.springframework.beans.factory.support.AbstractAutowireCapableBeanFactory.createBeanInstance(AbstractAutowireCapableBeanFactory.java:1191) ~[spring-beans-6.2.5.jar:6.2.5]
	at org.springframework.beans.factory.support.AbstractAutowireCapableBeanFactory.doCreateBean(AbstractAutowireCapableBeanFactory.java:563) ~[spring-beans-6.2.5.jar:6.2.5]
	at org.springframework.beans.factory.support.AbstractAutowireCapableBeanFactory.createBean(AbstractAutowireCapableBeanFactory.java:523) ~[spring-beans-6.2.5.jar:6.2.5]
	at org.springframework.beans.factory.support.AbstractBeanFactory.lambda$doGetBean$0(AbstractBeanFactory.java:339) ~[spring-beans-6.2.5.jar:6.2.5]
	at org.springframework.beans.factory.support.DefaultSingletonBeanRegistry.getSingleton(DefaultSingletonBeanRegistry.java:347) ~[spring-beans-6.2.5.jar:6.2.5]
	at org.springframework.beans.factory.support.AbstractBeanFactory.doGetBean(AbstractBeanFactory.java:337) ~[spring-beans-6.2.5.jar:6.2.5]
	at org.springframework.beans.factory.support.AbstractBeanFactory.getBean(AbstractBeanFactory.java:202) ~[spring-beans-6.2.5.jar:6.2.5]
	at org.springframework.beans.factory.config.DependencyDescriptor.resolveCandidate(DependencyDescriptor.java:254) ~[spring-beans-6.2.5.jar:6.2.5]
	at org.springframework.beans.factory.support.DefaultListableBeanFactory.doResolveDependency(DefaultListableBeanFactory.java:1667) ~[spring-beans-6.2.5.jar:6.2.5]
	at org.springframework.beans.factory.support.DefaultListableBeanFactory.resolveDependency(DefaultListableBeanFactory.java:1555) ~[spring-beans-6.2.5.jar:6.2.5]
	at org.springframework.beans.factory.support.ConstructorResolver.resolveAutowiredArgument(ConstructorResolver.java:913) ~[spring-beans-6.2.5.jar:6.2.5]
	at org.springframework.beans.factory.support.ConstructorResolver.createArgumentArray(ConstructorResolver.java:791) ~[spring-beans-6.2.5.jar:6.2.5]
	... 107 common frames omitted
Caused by: org.springframework.beans.BeanInstantiationException: Failed to instantiate [com.gigaxfer.sync.config.ConfigActivation]: Factory method 'configActivation' threw exception with message: no valid active or lkg config; initialise active.json first
	at org.springframework.beans.factory.support.SimpleInstantiationStrategy.lambda$instantiate$0(SimpleInstantiationStrategy.java:199) ~[spring-beans-6.2.5.jar:6.2.5]
	at org.springframework.beans.factory.support.SimpleInstantiationStrategy.instantiateWithFactoryMethod(SimpleInstantiationStrategy.java:88) ~[spring-beans-6.2.5.jar:6.2.5]
	at org.springframework.beans.factory.support.SimpleInstantiationStrategy.instantiate(SimpleInstantiationStrategy.java:168) ~[spring-beans-6.2.5.jar:6.2.5]
	at org.springframework.beans.factory.support.ConstructorResolver.instantiate(ConstructorResolver.java:653) ~[spring-beans-6.2.5.jar:6.2.5]
	... 121 common frames omitted
Caused by: com.gigaxfer.sync.config.ConfigUnavailableException: no valid active or lkg config; initialise active.json first
	at com.gigaxfer.sync.config.ConfigStore.load(ConfigStore.java:70) ~[classes/:na]
	at com.gigaxfer.sync.config.ConfigBootstrap.configActivation(ConfigBootstrap.java:23) ~[classes/:na]
	at com.gigaxfer.sync.config.ConfigBootstrap$$SpringCGLIB$$0.CGLIB$configActivation$0(<generated>) ~[classes/:na]
	at com.gigaxfer.sync.config.ConfigBootstrap$$SpringCGLIB$$FastClass$$1.invoke(<generated>) ~[classes/:na]
	at org.springframework.cglib.proxy.MethodProxy.invokeSuper(MethodProxy.java:258) ~[spring-core-6.2.5.jar:6.2.5]
	at org.springframework.context.annotation.ConfigurationClassEnhancer$BeanMethodInterceptor.intercept(ConfigurationClassEnhancer.java:370) ~[spring-context-6.2.5.jar:6.2.5]
	at com.gigaxfer.sync.config.ConfigBootstrap$$SpringCGLIB$$0.configActivation(<generated>) ~[classes/:na]
	at java.base/jdk.internal.reflect.DirectMethodHandleAccessor.invoke(DirectMethodHandleAccessor.java:104) ~[na:na]
	at java.base/java.lang.reflect.Method.invoke(Method.java:583) ~[na:na]
	at org.springframework.beans.factory.support.SimpleInstantiationStrategy.lambda$instantiate$0(SimpleInstantiationStrategy.java:171) ~[spring-beans-6.2.5.jar:6.2.5]
	... 124 common frames omitted


  .   ____          _            __ _ _
 /\\ / ___'_ __ _ _(_)_ __  __ _ \ \ \ \
( ( )\___ | '_ | '_| | '_ \/ _` | \ \ \ \
 \\/  ___)| |_)| | | | | || (_| |  ) ) ) )
  '  |____| .__|_| |_|_| |_\__, | / / / /
 =========|_|==============|___/=/_/_/_/

 :: Spring Boot ::                (v3.4.4)

2026-09-25T19:35:45.810+08:00  INFO 47304 --- [gigaxfer-sync] [           main] o.a.maven.surefire.booter.ForkedBooter   : Starting ForkedBooter v3.5.2 using Java 27 with PID 47304 (started by johnson.chiang in /Users/johnson.chiang/workspace/gigaxfer/gigaxfer-sync-service)
2026-09-25T19:35:45.810+08:00  INFO 47304 --- [gigaxfer-sync] [           main] o.a.maven.surefire.booter.ForkedBooter   : No active profile set, falling back to 1 default profile: "default"
2026-09-25T19:35:45.857+08:00  WARN 47304 --- [gigaxfer-sync] [           main] s.c.a.AnnotationConfigApplicationContext : Exception encountered during context initialization - cancelling refresh attempt: org.springframework.beans.factory.UnsatisfiedDependencyException: Error creating bean with name 'nodeAuthFilter' defined in file [/Users/johnson.chiang/workspace/gigaxfer/gigaxfer-sync-service/target/classes/com/gigaxfer/sync/auth/NodeAuthFilter.class]: Unsatisfied dependency expressed through constructor parameter 0: Error creating bean with name 'nodeConfig' defined in class path resource [com/gigaxfer/sync/config/ConfigBootstrap.class]: Failed to instantiate [com.gigaxfer.core.config.NodeConfig]: Factory method 'nodeConfig' threw exception with message: gigaxfer.node 'P9' is not in policy.nodes [P1, P2, P3]
2026-09-25T19:35:45.859+08:00  INFO 47304 --- [gigaxfer-sync] [           main] .s.b.a.l.ConditionEvaluationReportLogger : 

Error starting ApplicationContext. To display the condition evaluation report re-run your application with 'debug' enabled.
2026-09-25T19:35:45.859+08:00 ERROR 47304 --- [gigaxfer-sync] [           main] o.s.boot.SpringApplication               : Application run failed

org.springframework.beans.factory.UnsatisfiedDependencyException: Error creating bean with name 'nodeAuthFilter' defined in file [/Users/johnson.chiang/workspace/gigaxfer/gigaxfer-sync-service/target/classes/com/gigaxfer/sync/auth/NodeAuthFilter.class]: Unsatisfied dependency expressed through constructor parameter 0: Error creating bean with name 'nodeConfig' defined in class path resource [com/gigaxfer/sync/config/ConfigBootstrap.class]: Failed to instantiate [com.gigaxfer.core.config.NodeConfig]: Factory method 'nodeConfig' threw exception with message: gigaxfer.node 'P9' is not in policy.nodes [P1, P2, P3]
	at org.springframework.beans.factory.support.ConstructorResolver.createArgumentArray(ConstructorResolver.java:804) ~[spring-beans-6.2.5.jar:6.2.5]
	at org.springframework.beans.factory.support.ConstructorResolver.autowireConstructor(ConstructorResolver.java:240) ~[spring-beans-6.2.5.jar:6.2.5]
	at org.springframework.beans.factory.support.AbstractAutowireCapableBeanFactory.autowireConstructor(AbstractAutowireCapableBeanFactory.java:1381) ~[spring-beans-6.2.5.jar:6.2.5]
	at org.springframework.beans.factory.support.AbstractAutowireCapableBeanFactory.createBeanInstance(AbstractAutowireCapableBeanFactory.java:1218) ~[spring-beans-6.2.5.jar:6.2.5]
	at org.springframework.beans.factory.support.AbstractAutowireCapableBeanFactory.doCreateBean(AbstractAutowireCapableBeanFactory.java:563) ~[spring-beans-6.2.5.jar:6.2.5]
	at org.springframework.beans.factory.support.AbstractAutowireCapableBeanFactory.createBean(AbstractAutowireCapableBeanFactory.java:523) ~[spring-beans-6.2.5.jar:6.2.5]
	at org.springframework.beans.factory.support.AbstractBeanFactory.lambda$doGetBean$0(AbstractBeanFactory.java:339) ~[spring-beans-6.2.5.jar:6.2.5]
	at org.springframework.beans.factory.support.DefaultSingletonBeanRegistry.getSingleton(DefaultSingletonBeanRegistry.java:347) ~[spring-beans-6.2.5.jar:6.2.5]
	at org.springframework.beans.factory.support.AbstractBeanFactory.doGetBean(AbstractBeanFactory.java:337) ~[spring-beans-6.2.5.jar:6.2.5]
	at org.springframework.beans.factory.support.AbstractBeanFactory.getBean(AbstractBeanFactory.java:202) ~[spring-beans-6.2.5.jar:6.2.5]
	at org.springframework.beans.factory.support.DefaultListableBeanFactory.instantiateSingleton(DefaultListableBeanFactory.java:1155) ~[spring-beans-6.2.5.jar:6.2.5]
	at org.springframework.beans.factory.support.DefaultListableBeanFactory.preInstantiateSingleton(DefaultListableBeanFactory.java:1121) ~[spring-beans-6.2.5.jar:6.2.5]
	at org.springframework.beans.factory.support.DefaultListableBeanFactory.preInstantiateSingletons(DefaultListableBeanFactory.java:1056) ~[spring-beans-6.2.5.jar:6.2.5]
	at org.springframework.context.support.AbstractApplicationContext.finishBeanFactoryInitialization(AbstractApplicationContext.java:987) ~[spring-context-6.2.5.jar:6.2.5]
	at org.springframework.context.support.AbstractApplicationContext.refresh(AbstractApplicationContext.java:627) ~[spring-context-6.2.5.jar:6.2.5]
	at org.springframework.boot.SpringApplication.refresh(SpringApplication.java:752) ~[spring-boot-3.4.4.jar:3.4.4]
	at org.springframework.boot.SpringApplication.refreshContext(SpringApplication.java:439) ~[spring-boot-3.4.4.jar:3.4.4]
	at org.springframework.boot.SpringApplication.run(SpringApplication.java:318) ~[spring-boot-3.4.4.jar:3.4.4]
	at org.springframework.boot.builder.SpringApplicationBuilder.run(SpringApplicationBuilder.java:149) ~[spring-boot-3.4.4.jar:3.4.4]
	at com.gigaxfer.sync.StartupRefusalTest.lambda$node_not_in_policy_refuses_to_start$0(StartupRefusalTest.java:38) ~[test-classes/:na]
	at org.assertj.core.api.ThrowableAssert.catchThrowable(ThrowableAssert.java:63) ~[assertj-core-3.27.3.jar:na]
	at org.assertj.core.api.AssertionsForClassTypes.catchThrowable(AssertionsForClassTypes.java:904) ~[assertj-core-3.27.3.jar:na]
	at org.assertj.core.api.Assertions.catchThrowable(Assertions.java:1472) ~[assertj-core-3.27.3.jar:na]
	at org.assertj.core.api.Assertions.assertThatThrownBy(Assertions.java:1315) ~[assertj-core-3.27.3.jar:na]
	at com.gigaxfer.sync.StartupRefusalTest.node_not_in_policy_refuses_to_start(StartupRefusalTest.java:38) ~[test-classes/:na]
	at java.base/jdk.internal.reflect.DirectMethodHandleAccessor.invoke(DirectMethodHandleAccessor.java:104) ~[na:na]
	at java.base/java.lang.reflect.Method.invoke(Method.java:583) ~[na:na]
	at org.junit.platform.commons.util.ReflectionUtils.invokeMethod(ReflectionUtils.java:767) ~[junit-platform-commons-1.11.4.jar:1.11.4]
	at org.junit.jupiter.engine.execution.MethodInvocation.proceed(MethodInvocation.java:60) ~[junit-jupiter-engine-5.11.4.jar:5.11.4]
	at org.junit.jupiter.engine.execution.InvocationInterceptorChain$ValidatingInvocation.proceed(InvocationInterceptorChain.java:131) ~[junit-jupiter-engine-5.11.4.jar:5.11.4]
	at org.junit.jupiter.engine.extension.TimeoutExtension.intercept(TimeoutExtension.java:156) ~[junit-jupiter-engine-5.11.4.jar:5.11.4]
	at org.junit.jupiter.engine.extension.TimeoutExtension.interceptTestableMethod(TimeoutExtension.java:147) ~[junit-jupiter-engine-5.11.4.jar:5.11.4]
	at org.junit.jupiter.engine.extension.TimeoutExtension.interceptTestMethod(TimeoutExtension.java:86) ~[junit-jupiter-engine-5.11.4.jar:5.11.4]
	at org.junit.jupiter.engine.execution.InterceptingExecutableInvoker$ReflectiveInterceptorCall.lambda$ofVoidMethod$0(InterceptingExecutableInvoker.java:103) ~[junit-jupiter-engine-5.11.4.jar:5.11.4]
	at org.junit.jupiter.engine.execution.InterceptingExecutableInvoker.lambda$invoke$0(InterceptingExecutableInvoker.java:93) ~[junit-jupiter-engine-5.11.4.jar:5.11.4]
	at org.junit.jupiter.engine.execution.InvocationInterceptorChain$InterceptedInvocation.proceed(InvocationInterceptorChain.java:106) ~[junit-jupiter-engine-5.11.4.jar:5.11.4]
	at org.junit.jupiter.engine.execution.InvocationInterceptorChain.proceed(InvocationInterceptorChain.java:64) ~[junit-jupiter-engine-5.11.4.jar:5.11.4]
	at org.junit.jupiter.engine.execution.InvocationInterceptorChain.chainAndInvoke(InvocationInterceptorChain.java:45) ~[junit-jupiter-engine-5.11.4.jar:5.11.4]
	at org.junit.jupiter.engine.execution.InvocationInterceptorChain.invoke(InvocationInterceptorChain.java:37) ~[junit-jupiter-engine-5.11.4.jar:5.11.4]
	at org.junit.jupiter.engine.execution.InterceptingExecutableInvoker.invoke(InterceptingExecutableInvoker.java:92) ~[junit-jupiter-engine-5.11.4.jar:5.11.4]
	at org.junit.jupiter.engine.execution.InterceptingExecutableInvoker.invoke(InterceptingExecutableInvoker.java:86) ~[junit-jupiter-engine-5.11.4.jar:5.11.4]
	at org.junit.jupiter.engine.descriptor.TestMethodTestDescriptor.lambda$invokeTestMethod$8(TestMethodTestDescriptor.java:217) ~[junit-jupiter-engine-5.11.4.jar:5.11.4]
	at org.junit.platform.engine.support.hierarchical.ThrowableCollector.execute(ThrowableCollector.java:73) ~[junit-platform-engine-1.11.4.jar:1.11.4]
	at org.junit.jupiter.engine.descriptor.TestMethodTestDescriptor.invokeTestMethod(TestMethodTestDescriptor.java:213) ~[junit-jupiter-engine-5.11.4.jar:5.11.4]
	at org.junit.jupiter.engine.descriptor.TestMethodTestDescriptor.execute(TestMethodTestDescriptor.java:138) ~[junit-jupiter-engine-5.11.4.jar:5.11.4]
	at org.junit.jupiter.engine.descriptor.TestMethodTestDescriptor.execute(TestMethodTestDescriptor.java:68) ~[junit-jupiter-engine-5.11.4.jar:5.11.4]
	at org.junit.platform.engine.support.hierarchical.NodeTestTask.lambda$executeRecursively$6(NodeTestTask.java:156) ~[junit-platform-engine-1.11.4.jar:1.11.4]
	at org.junit.platform.engine.support.hierarchical.ThrowableCollector.execute(ThrowableCollector.java:73) ~[junit-platform-engine-1.11.4.jar:1.11.4]
	at org.junit.platform.engine.support.hierarchical.NodeTestTask.lambda$executeRecursively$8(NodeTestTask.java:146) ~[junit-platform-engine-1.11.4.jar:1.11.4]
	at org.junit.platform.engine.support.hierarchical.Node.around(Node.java:137) ~[junit-platform-engine-1.11.4.jar:1.11.4]
	at org.junit.platform.engine.support.hierarchical.NodeTestTask.lambda$executeRecursively$9(NodeTestTask.java:144) ~[junit-platform-engine-1.11.4.jar:1.11.4]
	at org.junit.platform.engine.support.hierarchical.ThrowableCollector.execute(ThrowableCollector.java:73) ~[junit-platform-engine-1.11.4.jar:1.11.4]
	at org.junit.platform.engine.support.hierarchical.NodeTestTask.executeRecursively(NodeTestTask.java:143) ~[junit-platform-engine-1.11.4.jar:1.11.4]
	at org.junit.platform.engine.support.hierarchical.NodeTestTask.execute(NodeTestTask.java:100) ~[junit-platform-engine-1.11.4.jar:1.11.4]
	at java.base/java.util.ArrayList.forEach(ArrayList.java:1612) ~[na:na]
	at org.junit.platform.engine.support.hierarchical.SameThreadHierarchicalTestExecutorService.invokeAll(SameThreadHierarchicalTestExecutorService.java:41) ~[junit-platform-engine-1.11.4.jar:1.11.4]
	at org.junit.platform.engine.support.hierarchical.NodeTestTask.lambda$executeRecursively$6(NodeTestTask.java:160) ~[junit-platform-engine-1.11.4.jar:1.11.4]
	at org.junit.platform.engine.support.hierarchical.ThrowableCollector.execute(ThrowableCollector.java:73) ~[junit-platform-engine-1.11.4.jar:1.11.4]
	at org.junit.platform.engine.support.hierarchical.NodeTestTask.lambda$executeRecursively$8(NodeTestTask.java:146) ~[junit-platform-engine-1.11.4.jar:1.11.4]
	at org.junit.platform.engine.support.hierarchical.Node.around(Node.java:137) ~[junit-platform-engine-1.11.4.jar:1.11.4]
	at org.junit.platform.engine.support.hierarchical.NodeTestTask.lambda$executeRecursively$9(NodeTestTask.java:144) ~[junit-platform-engine-1.11.4.jar:1.11.4]
	at org.junit.platform.engine.support.hierarchical.ThrowableCollector.execute(ThrowableCollector.java:73) ~[junit-platform-engine-1.11.4.jar:1.11.4]
	at org.junit.platform.engine.support.hierarchical.NodeTestTask.executeRecursively(NodeTestTask.java:143) ~[junit-platform-engine-1.11.4.jar:1.11.4]
	at org.junit.platform.engine.support.hierarchical.NodeTestTask.execute(NodeTestTask.java:100) ~[junit-platform-engine-1.11.4.jar:1.11.4]
	at java.base/java.util.ArrayList.forEach(ArrayList.java:1612) ~[na:na]
	at org.junit.platform.engine.support.hierarchical.SameThreadHierarchicalTestExecutorService.invokeAll(SameThreadHierarchicalTestExecutorService.java:41) ~[junit-platform-engine-1.11.4.jar:1.11.4]
	at org.junit.platform.engine.support.hierarchical.NodeTestTask.lambda$executeRecursively$6(NodeTestTask.java:160) ~[junit-platform-engine-1.11.4.jar:1.11.4]
	at org.junit.platform.engine.support.hierarchical.ThrowableCollector.execute(ThrowableCollector.java:73) ~[junit-platform-engine-1.11.4.jar:1.11.4]
	at org.junit.platform.engine.support.hierarchical.NodeTestTask.lambda$executeRecursively$8(NodeTestTask.java:146) ~[junit-platform-engine-1.11.4.jar:1.11.4]
	at org.junit.platform.engine.support.hierarchical.Node.around(Node.java:137) ~[junit-platform-engine-1.11.4.jar:1.11.4]
	at org.junit.platform.engine.support.hierarchical.NodeTestTask.lambda$executeRecursively$9(NodeTestTask.java:144) ~[junit-platform-engine-1.11.4.jar:1.11.4]
	at org.junit.platform.engine.support.hierarchical.ThrowableCollector.execute(ThrowableCollector.java:73) ~[junit-platform-engine-1.11.4.jar:1.11.4]
	at org.junit.platform.engine.support.hierarchical.NodeTestTask.executeRecursively(NodeTestTask.java:143) ~[junit-platform-engine-1.11.4.jar:1.11.4]
	at org.junit.platform.engine.support.hierarchical.NodeTestTask.execute(NodeTestTask.java:100) ~[junit-platform-engine-1.11.4.jar:1.11.4]
	at org.junit.platform.engine.support.hierarchical.SameThreadHierarchicalTestExecutorService.submit(SameThreadHierarchicalTestExecutorService.java:35) ~[junit-platform-engine-1.11.4.jar:1.11.4]
	at org.junit.platform.engine.support.hierarchical.HierarchicalTestExecutor.execute(HierarchicalTestExecutor.java:57) ~[junit-platform-engine-1.11.4.jar:1.11.4]
	at org.junit.platform.engine.support.hierarchical.HierarchicalTestEngine.execute(HierarchicalTestEngine.java:54) ~[junit-platform-engine-1.11.4.jar:1.11.4]
	at org.junit.platform.launcher.core.EngineExecutionOrchestrator.execute(EngineExecutionOrchestrator.java:198) ~[junit-platform-launcher-1.11.4.jar:1.11.4]
	at org.junit.platform.launcher.core.EngineExecutionOrchestrator.execute(EngineExecutionOrchestrator.java:169) ~[junit-platform-launcher-1.11.4.jar:1.11.4]
	at org.junit.platform.launcher.core.EngineExecutionOrchestrator.execute(EngineExecutionOrchestrator.java:93) ~[junit-platform-launcher-1.11.4.jar:1.11.4]
	at org.junit.platform.launcher.core.EngineExecutionOrchestrator.lambda$execute$0(EngineExecutionOrchestrator.java:58) ~[junit-platform-launcher-1.11.4.jar:1.11.4]
	at org.junit.platform.launcher.core.EngineExecutionOrchestrator.withInterceptedStreams(EngineExecutionOrchestrator.java:141) ~[junit-platform-launcher-1.11.4.jar:1.11.4]
	at org.junit.platform.launcher.core.EngineExecutionOrchestrator.execute(EngineExecutionOrchestrator.java:57) ~[junit-platform-launcher-1.11.4.jar:1.11.4]
	at org.junit.platform.launcher.core.DefaultLauncher.execute(DefaultLauncher.java:103) ~[junit-platform-launcher-1.11.4.jar:1.11.4]
	at org.junit.platform.launcher.core.DefaultLauncher.execute(DefaultLauncher.java:85) ~[junit-platform-launcher-1.11.4.jar:1.11.4]
	at org.junit.platform.launcher.core.DelegatingLauncher.execute(DelegatingLauncher.java:47) ~[junit-platform-launcher-1.11.4.jar:1.11.4]
	at org.apache.maven.surefire.junitplatform.LazyLauncher.execute(LazyLauncher.java:56) ~[surefire-junit-platform-3.5.2.jar:3.5.2]
	at org.apache.maven.surefire.junitplatform.JUnitPlatformProvider.execute(JUnitPlatformProvider.java:184) ~[surefire-junit-platform-3.5.2.jar:3.5.2]
	at org.apache.maven.surefire.junitplatform.JUnitPlatformProvider.invokeAllTests(JUnitPlatformProvider.java:148) ~[surefire-junit-platform-3.5.2.jar:3.5.2]
	at org.apache.maven.surefire.junitplatform.JUnitPlatformProvider.invoke(JUnitPlatformProvider.java:122) ~[surefire-junit-platform-3.5.2.jar:3.5.2]
	at org.apache.maven.surefire.booter.ForkedBooter.runSuitesInProcess(ForkedBooter.java:385) ~[surefire-booter-3.5.2.jar:3.5.2]
	at org.apache.maven.surefire.booter.ForkedBooter.execute(ForkedBooter.java:162) ~[surefire-booter-3.5.2.jar:3.5.2]
	at org.apache.maven.surefire.booter.ForkedBooter.run(ForkedBooter.java:507) ~[surefire-booter-3.5.2.jar:3.5.2]
	at org.apache.maven.surefire.booter.ForkedBooter.main(ForkedBooter.java:495) ~[surefire-booter-3.5.2.jar:3.5.2]
Caused by: org.springframework.beans.factory.BeanCreationException: Error creating bean with name 'nodeConfig' defined in class path resource [com/gigaxfer/sync/config/ConfigBootstrap.class]: Failed to instantiate [com.gigaxfer.core.config.NodeConfig]: Factory method 'nodeConfig' threw exception with message: gigaxfer.node 'P9' is not in policy.nodes [P1, P2, P3]
	at org.springframework.beans.factory.support.ConstructorResolver.instantiate(ConstructorResolver.java:657) ~[spring-beans-6.2.5.jar:6.2.5]
	at org.springframework.beans.factory.support.ConstructorResolver.instantiateUsingFactoryMethod(ConstructorResolver.java:645) ~[spring-beans-6.2.5.jar:6.2.5]
	at org.springframework.beans.factory.support.AbstractAutowireCapableBeanFactory.instantiateUsingFactoryMethod(AbstractAutowireCapableBeanFactory.java:1361) ~[spring-beans-6.2.5.jar:6.2.5]
	at org.springframework.beans.factory.support.AbstractAutowireCapableBeanFactory.createBeanInstance(AbstractAutowireCapableBeanFactory.java:1191) ~[spring-beans-6.2.5.jar:6.2.5]
	at org.springframework.beans.factory.support.AbstractAutowireCapableBeanFactory.doCreateBean(AbstractAutowireCapableBeanFactory.java:563) ~[spring-beans-6.2.5.jar:6.2.5]
	at org.springframework.beans.factory.support.AbstractAutowireCapableBeanFactory.createBean(AbstractAutowireCapableBeanFactory.java:523) ~[spring-beans-6.2.5.jar:6.2.5]
	at org.springframework.beans.factory.support.AbstractBeanFactory.lambda$doGetBean$0(AbstractBeanFactory.java:339) ~[spring-beans-6.2.5.jar:6.2.5]
	at org.springframework.beans.factory.support.DefaultSingletonBeanRegistry.getSingleton(DefaultSingletonBeanRegistry.java:347) ~[spring-beans-6.2.5.jar:6.2.5]
	at org.springframework.beans.factory.support.AbstractBeanFactory.doGetBean(AbstractBeanFactory.java:337) ~[spring-beans-6.2.5.jar:6.2.5]
	at org.springframework.beans.factory.support.AbstractBeanFactory.getBean(AbstractBeanFactory.java:202) ~[spring-beans-6.2.5.jar:6.2.5]
	at org.springframework.beans.factory.config.DependencyDescriptor.resolveCandidate(DependencyDescriptor.java:254) ~[spring-beans-6.2.5.jar:6.2.5]
	at org.springframework.beans.factory.support.DefaultListableBeanFactory.doResolveDependency(DefaultListableBeanFactory.java:1667) ~[spring-beans-6.2.5.jar:6.2.5]
	at org.springframework.beans.factory.support.DefaultListableBeanFactory.resolveDependency(DefaultListableBeanFactory.java:1555) ~[spring-beans-6.2.5.jar:6.2.5]
	at org.springframework.beans.factory.support.ConstructorResolver.resolveAutowiredArgument(ConstructorResolver.java:913) ~[spring-beans-6.2.5.jar:6.2.5]
	at org.springframework.beans.factory.support.ConstructorResolver.createArgumentArray(ConstructorResolver.java:791) ~[spring-beans-6.2.5.jar:6.2.5]
	... 93 common frames omitted
Caused by: org.springframework.beans.BeanInstantiationException: Failed to instantiate [com.gigaxfer.core.config.NodeConfig]: Factory method 'nodeConfig' threw exception with message: gigaxfer.node 'P9' is not in policy.nodes [P1, P2, P3]
	at org.springframework.beans.factory.support.SimpleInstantiationStrategy.lambda$instantiate$0(SimpleInstantiationStrategy.java:199) ~[spring-beans-6.2.5.jar:6.2.5]
	at org.springframework.beans.factory.support.SimpleInstantiationStrategy.instantiateWithFactoryMethod(SimpleInstantiationStrategy.java:88) ~[spring-beans-6.2.5.jar:6.2.5]
	at org.springframework.beans.factory.support.SimpleInstantiationStrategy.instantiate(SimpleInstantiationStrategy.java:168) ~[spring-beans-6.2.5.jar:6.2.5]
	at org.springframework.beans.factory.support.ConstructorResolver.instantiate(ConstructorResolver.java:653) ~[spring-beans-6.2.5.jar:6.2.5]
	... 107 common frames omitted
Caused by: com.gigaxfer.sync.config.ConfigUnavailableException: gigaxfer.node 'P9' is not in policy.nodes [P1, P2, P3]
	at com.gigaxfer.sync.config.ConfigBootstrap.nodeConfig(ConfigBootstrap.java:30) ~[classes/:na]
	at com.gigaxfer.sync.config.ConfigBootstrap$$SpringCGLIB$$0.CGLIB$nodeConfig$1(<generated>) ~[classes/:na]
	at com.gigaxfer.sync.config.ConfigBootstrap$$SpringCGLIB$$FastClass$$1.invoke(<generated>) ~[classes/:na]
	at org.springframework.cglib.proxy.MethodProxy.invokeSuper(MethodProxy.java:258) ~[spring-core-6.2.5.jar:6.2.5]
	at org.springframework.context.annotation.ConfigurationClassEnhancer$BeanMethodInterceptor.intercept(ConfigurationClassEnhancer.java:370) ~[spring-context-6.2.5.jar:6.2.5]
	at com.gigaxfer.sync.config.ConfigBootstrap$$SpringCGLIB$$0.nodeConfig(<generated>) ~[classes/:na]
	at java.base/jdk.internal.reflect.DirectMethodHandleAccessor.invoke(DirectMethodHandleAccessor.java:104) ~[na:na]
	at java.base/java.lang.reflect.Method.invoke(Method.java:583) ~[na:na]
	at org.springframework.beans.factory.support.SimpleInstantiationStrategy.lambda$instantiate$0(SimpleInstantiationStrategy.java:171) ~[spring-beans-6.2.5.jar:6.2.5]
	... 110 common frames omitted

[INFO] Tests run: 2, Failures: 0, Errors: 0, Skipped: 0, Time elapsed: 0.142 s -- in com.gigaxfer.sync.StartupRefusalTest
[INFO] Running com.gigaxfer.sync.db.MigrationResumeTest
2026-09-25T19:35:45.872+08:00  INFO 47304 --- [gigaxfer-sync] [           main] com.zaxxer.hikari.HikariDataSource       : HikariPool-7 - Starting...
2026-09-25T19:35:45.875+08:00  INFO 47304 --- [gigaxfer-sync] [           main] com.zaxxer.hikari.pool.HikariPool        : HikariPool-7 - Added connection conn16: url=jdbc:h2:mem:resume-failed-record user=SA
2026-09-25T19:35:45.875+08:00  INFO 47304 --- [gigaxfer-sync] [           main] com.zaxxer.hikari.HikariDataSource       : HikariPool-7 - Start completed.
2026-09-25T19:35:45.877+08:00  INFO 47304 --- [gigaxfer-sync] [           main] org.flywaydb.core.FlywayExecutor         : Database: jdbc:h2:mem:resume-failed-record (H2 2.3)
2026-09-25T19:35:45.879+08:00  WARN 47304 --- [gigaxfer-sync] [           main] o.f.c.internal.database.base.Database    : Flyway upgrade recommended: H2 2.3.232 is newer than this version of Flyway and support has not been tested. The latest supported version of H2 is 2.2.224.
2026-09-25T19:35:45.880+08:00  INFO 47304 --- [gigaxfer-sync] [           main] o.f.c.i.s.JdbcTableSchemaHistory         : Schema history table "PUBLIC"."flyway_schema_history" does not exist yet
2026-09-25T19:35:45.883+08:00  WARN 47304 --- [gigaxfer-sync] [           main] o.f.c.internal.database.base.Database    : Flyway upgrade recommended: H2 2.3.232 is newer than this version of Flyway and support has not been tested. The latest supported version of H2 is 2.2.224.
2026-09-25T19:35:45.884+08:00  INFO 47304 --- [gigaxfer-sync] [           main] o.f.c.i.s.JdbcTableSchemaHistory         : Schema history table "PUBLIC"."flyway_schema_history" does not exist yet
2026-09-25T19:35:45.884+08:00  INFO 47304 --- [gigaxfer-sync] [           main] o.f.core.internal.command.DbValidate     : Successfully validated 1 migration (execution time 00:00.000s)
2026-09-25T19:35:45.884+08:00  INFO 47304 --- [gigaxfer-sync] [           main] o.f.c.i.s.JdbcTableSchemaHistory         : Creating Schema History table "PUBLIC"."flyway_schema_history" ...
2026-09-25T19:35:45.889+08:00  INFO 47304 --- [gigaxfer-sync] [           main] o.f.core.internal.command.DbMigrate      : Current version of schema "PUBLIC": << Empty Schema >>
2026-09-25T19:35:45.889+08:00  INFO 47304 --- [gigaxfer-sync] [           main] o.f.core.internal.command.DbMigrate      : Migrating schema "PUBLIC" to version "1 - schema"
2026-09-25T19:35:45.893+08:00 ERROR 47304 --- [gigaxfer-sync] [           main] o.f.core.internal.command.DbMigrate      : Migration of schema "PUBLIC" to version "1 - schema" failed! Please restore backups and roll back database and code!
2026-09-25T19:35:45.900+08:00  INFO 47304 --- [gigaxfer-sync] [           main] org.flywaydb.core.FlywayExecutor         : Database: jdbc:h2:mem:resume-failed-record (H2 2.3)
2026-09-25T19:35:45.901+08:00  WARN 47304 --- [gigaxfer-sync] [           main] o.f.c.internal.database.base.Database    : Flyway upgrade recommended: H2 2.3.232 is newer than this version of Flyway and support has not been tested. The latest supported version of H2 is 2.2.224.
2026-09-25T19:35:45.902+08:00  WARN 47304 --- [gigaxfer-sync] [           main] com.gigaxfer.sync.db.DbBootstrap         : failed migration recorded; repairing history and resuming
2026-09-25T19:35:45.903+08:00  WARN 47304 --- [gigaxfer-sync] [           main] o.f.c.internal.database.base.Database    : Flyway upgrade recommended: H2 2.3.232 is newer than this version of Flyway and support has not been tested. The latest supported version of H2 is 2.2.224.
2026-09-25T19:35:45.906+08:00  INFO 47304 --- [gigaxfer-sync] [           main] o.f.core.internal.command.DbRepair       : Successfully repaired schema history table "PUBLIC"."flyway_schema_history" (execution time 00:00.002s).
2026-09-25T19:35:45.906+08:00  INFO 47304 --- [gigaxfer-sync] [           main] o.f.core.internal.command.DbRepair       : Manual cleanup of the remaining effects of the failed migration may still be required.
2026-09-25T19:35:45.908+08:00  WARN 47304 --- [gigaxfer-sync] [           main] o.f.c.internal.database.base.Database    : Flyway upgrade recommended: H2 2.3.232 is newer than this version of Flyway and support has not been tested. The latest supported version of H2 is 2.2.224.
2026-09-25T19:35:45.909+08:00  INFO 47304 --- [gigaxfer-sync] [           main] o.f.core.internal.command.DbValidate     : Successfully validated 1 migration (execution time 00:00.000s)
2026-09-25T19:35:45.909+08:00  INFO 47304 --- [gigaxfer-sync] [           main] o.f.core.internal.command.DbMigrate      : Current version of schema "PUBLIC": << Empty Schema >>
2026-09-25T19:35:45.909+08:00  INFO 47304 --- [gigaxfer-sync] [           main] o.f.core.internal.command.DbMigrate      : Migrating schema "PUBLIC" to version "1 - schema"
2026-09-25T19:35:45.917+08:00  INFO 47304 --- [gigaxfer-sync] [           main] o.f.core.internal.command.DbMigrate      : Successfully applied 1 migration to schema "PUBLIC", now at version v1 (execution time 00:00.007s)
2026-09-25T19:35:45.927+08:00  INFO 47304 --- [gigaxfer-sync] [           main] com.zaxxer.hikari.HikariDataSource       : HikariPool-8 - Starting...
2026-09-25T19:35:45.928+08:00  INFO 47304 --- [gigaxfer-sync] [           main] com.zaxxer.hikari.pool.HikariPool        : HikariPool-8 - Added connection conn18: url=jdbc:h2:mem:resume-no-record user=SA
2026-09-25T19:35:45.928+08:00  INFO 47304 --- [gigaxfer-sync] [           main] com.zaxxer.hikari.HikariDataSource       : HikariPool-8 - Start completed.
2026-09-25T19:35:45.929+08:00  INFO 47304 --- [gigaxfer-sync] [           main] org.flywaydb.core.FlywayExecutor         : Database: jdbc:h2:mem:resume-no-record (H2 2.3)
2026-09-25T19:35:45.929+08:00  WARN 47304 --- [gigaxfer-sync] [           main] o.f.c.internal.database.base.Database    : Flyway upgrade recommended: H2 2.3.232 is newer than this version of Flyway and support has not been tested. The latest supported version of H2 is 2.2.224.
2026-09-25T19:35:45.930+08:00  INFO 47304 --- [gigaxfer-sync] [           main] o.f.c.i.s.JdbcTableSchemaHistory         : Schema history table "PUBLIC"."flyway_schema_history" does not exist yet
2026-09-25T19:35:45.932+08:00  WARN 47304 --- [gigaxfer-sync] [           main] o.f.c.internal.database.base.Database    : Flyway upgrade recommended: H2 2.3.232 is newer than this version of Flyway and support has not been tested. The latest supported version of H2 is 2.2.224.
2026-09-25T19:35:45.932+08:00  INFO 47304 --- [gigaxfer-sync] [           main] o.f.c.i.s.JdbcTableSchemaHistory         : Schema history table "PUBLIC"."flyway_schema_history" does not exist yet
2026-09-25T19:35:45.933+08:00  INFO 47304 --- [gigaxfer-sync] [           main] o.f.core.internal.command.DbValidate     : Successfully validated 1 migration (execution time 00:00.000s)
2026-09-25T19:35:45.933+08:00  INFO 47304 --- [gigaxfer-sync] [           main] o.f.c.i.s.JdbcTableSchemaHistory         : Creating Schema History table "PUBLIC"."flyway_schema_history" ...
2026-09-25T19:35:45.936+08:00  INFO 47304 --- [gigaxfer-sync] [           main] o.f.core.internal.command.DbMigrate      : Current version of schema "PUBLIC": << Empty Schema >>
2026-09-25T19:35:45.936+08:00  INFO 47304 --- [gigaxfer-sync] [           main] o.f.core.internal.command.DbMigrate      : Migrating schema "PUBLIC" to version "1 - schema"
2026-09-25T19:35:45.941+08:00 ERROR 47304 --- [gigaxfer-sync] [           main] o.f.core.internal.command.DbMigrate      : Migration of schema "PUBLIC" to version "1 - schema" failed! Please restore backups and roll back database and code!
2026-09-25T19:35:45.946+08:00  INFO 47304 --- [gigaxfer-sync] [           main] org.flywaydb.core.FlywayExecutor         : Database: jdbc:h2:mem:resume-no-record (H2 2.3)
2026-09-25T19:35:45.946+08:00  WARN 47304 --- [gigaxfer-sync] [           main] o.f.c.internal.database.base.Database    : Flyway upgrade recommended: H2 2.3.232 is newer than this version of Flyway and support has not been tested. The latest supported version of H2 is 2.2.224.
2026-09-25T19:35:45.949+08:00  WARN 47304 --- [gigaxfer-sync] [           main] o.f.c.internal.database.base.Database    : Flyway upgrade recommended: H2 2.3.232 is newer than this version of Flyway and support has not been tested. The latest supported version of H2 is 2.2.224.
2026-09-25T19:35:45.949+08:00  INFO 47304 --- [gigaxfer-sync] [           main] o.f.core.internal.command.DbValidate     : Successfully validated 1 migration (execution time 00:00.000s)
2026-09-25T19:35:45.950+08:00  INFO 47304 --- [gigaxfer-sync] [           main] o.f.core.internal.command.DbMigrate      : Current version of schema "PUBLIC": << Empty Schema >>
2026-09-25T19:35:45.950+08:00  INFO 47304 --- [gigaxfer-sync] [           main] o.f.core.internal.command.DbMigrate      : Migrating schema "PUBLIC" to version "1 - schema"
2026-09-25T19:35:45.954+08:00  INFO 47304 --- [gigaxfer-sync] [           main] o.f.core.internal.command.DbMigrate      : Successfully applied 1 migration to schema "PUBLIC", now at version v1 (execution time 00:00.003s)
[INFO] Tests run: 2, Failures: 0, Errors: 0, Skipped: 0, Time elapsed: 0.094 s -- in com.gigaxfer.sync.db.MigrationResumeTest
[INFO] Running com.gigaxfer.sync.db.DbOutageRecoveryTest
2026-09-25T19:35:45.963+08:00  INFO 47304 --- [gigaxfer-sync] [           main] .b.t.c.SpringBootTestContextBootstrapper : Found @SpringBootConfiguration com.gigaxfer.sync.GigaxferSyncApplication for test class com.gigaxfer.sync.db.DbOutageRecoveryTest

  .   ____          _            __ _ _
 /\\ / ___'_ __ _ _(_)_ __  __ _ \ \ \ \
( ( )\___ | '_ | '_| | '_ \/ _` | \ \ \ \
 \\/  ___)| |_)| | | | | || (_| |  ) ) ) )
  '  |____| .__|_| |_|_| |_\__, | / / / /
 =========|_|==============|___/=/_/_/_/

 :: Spring Boot ::                (v3.4.4)

2026-09-25T19:35:45.976+08:00  INFO 47304 --- [gigaxfer-sync] [           main] c.gigaxfer.sync.db.DbOutageRecoveryTest  : Starting DbOutageRecoveryTest using Java 27 with PID 47304 (started by johnson.chiang in /Users/johnson.chiang/workspace/gigaxfer/gigaxfer-sync-service)
2026-09-25T19:35:45.976+08:00  INFO 47304 --- [gigaxfer-sync] [           main] c.gigaxfer.sync.db.DbOutageRecoveryTest  : The following 1 profile is active: "test"
2026-09-25T19:35:46.096+08:00  INFO 47304 --- [gigaxfer-sync] [           main] o.s.b.t.m.w.SpringBootMockServletContext : Initializing Spring TestDispatcherServlet ''
2026-09-25T19:35:46.096+08:00  INFO 47304 --- [gigaxfer-sync] [           main] o.s.t.web.servlet.TestDispatcherServlet  : Initializing Servlet ''
2026-09-25T19:35:46.097+08:00  INFO 47304 --- [gigaxfer-sync] [           main] o.s.b.a.e.web.EndpointLinksResolver      : Exposing 2 endpoints beneath base path '/actuator'
2026-09-25T19:35:46.098+08:00  INFO 47304 --- [gigaxfer-sync] [           main] o.s.t.web.servlet.TestDispatcherServlet  : Completed initialization in 2 ms
2026-09-25T19:35:46.104+08:00  INFO 47304 --- [gigaxfer-sync] [           main] c.gigaxfer.sync.db.DbOutageRecoveryTest  : Started DbOutageRecoveryTest in 0.139 seconds (process running for 3.976)
2026-09-25T19:35:46.107+08:00  WARN 47304 --- [gigaxfer-sync] [   db-bootstrap] com.gigaxfer.sync.db.DbBootstrap         : database not ready (Unable to obtain connection from database: simulated outage
-----------------------------------------------------------
SQL State  : null
Error Code : 0
Message    : simulated outage
); retrying in 200 ms
2026-09-25T19:35:46.318+08:00  WARN 47304 --- [gigaxfer-sync] [   db-bootstrap] com.gigaxfer.sync.db.DbBootstrap         : database not ready (Unable to obtain connection from database: simulated outage
-----------------------------------------------------------
SQL State  : null
Error Code : 0
Message    : simulated outage
); retrying in 200 ms
2026-09-25T19:35:46.536+08:00  WARN 47304 --- [gigaxfer-sync] [   db-bootstrap] com.gigaxfer.sync.db.DbBootstrap         : database not ready (Unable to obtain connection from database: simulated outage
-----------------------------------------------------------
SQL State  : null
Error Code : 0
Message    : simulated outage
); retrying in 200 ms
2026-09-25T19:35:46.740+08:00  INFO 47304 --- [gigaxfer-sync] [   db-bootstrap] com.zaxxer.hikari.HikariDataSource       : HikariPool-9 - Starting...
2026-09-25T19:35:46.742+08:00  INFO 47304 --- [gigaxfer-sync] [   db-bootstrap] com.zaxxer.hikari.pool.HikariPool        : HikariPool-9 - Added connection conn36: url=jdbc:h2:mem:outage user=SA
2026-09-25T19:35:46.742+08:00  INFO 47304 --- [gigaxfer-sync] [   db-bootstrap] com.zaxxer.hikari.HikariDataSource       : HikariPool-9 - Start completed.
2026-09-25T19:35:46.743+08:00  INFO 47304 --- [gigaxfer-sync] [   db-bootstrap] org.flywaydb.core.FlywayExecutor         : Database: jdbc:h2:mem:outage (H2 2.3)
2026-09-25T19:35:46.743+08:00  WARN 47304 --- [gigaxfer-sync] [   db-bootstrap] o.f.c.internal.database.base.Database    : Flyway upgrade recommended: H2 2.3.232 is newer than this version of Flyway and support has not been tested. The latest supported version of H2 is 2.2.224.
2026-09-25T19:35:46.744+08:00  INFO 47304 --- [gigaxfer-sync] [   db-bootstrap] o.f.c.i.s.JdbcTableSchemaHistory         : Schema history table "PUBLIC"."flyway_schema_history" does not exist yet
2026-09-25T19:35:46.745+08:00  WARN 47304 --- [gigaxfer-sync] [   db-bootstrap] o.f.c.internal.database.base.Database    : Flyway upgrade recommended: H2 2.3.232 is newer than this version of Flyway and support has not been tested. The latest supported version of H2 is 2.2.224.
2026-09-25T19:35:46.746+08:00  INFO 47304 --- [gigaxfer-sync] [   db-bootstrap] o.f.c.i.s.JdbcTableSchemaHistory         : Schema history table "PUBLIC"."flyway_schema_history" does not exist yet
2026-09-25T19:35:46.746+08:00  INFO 47304 --- [gigaxfer-sync] [   db-bootstrap] o.f.core.internal.command.DbValidate     : Successfully validated 1 migration (execution time 00:00.000s)
2026-09-25T19:35:46.746+08:00  INFO 47304 --- [gigaxfer-sync] [   db-bootstrap] o.f.c.i.s.JdbcTableSchemaHistory         : Creating Schema History table "PUBLIC"."flyway_schema_history" ...
2026-09-25T19:35:46.748+08:00  INFO 47304 --- [gigaxfer-sync] [   db-bootstrap] o.f.core.internal.command.DbMigrate      : Current version of schema "PUBLIC": << Empty Schema >>
2026-09-25T19:35:46.748+08:00  INFO 47304 --- [gigaxfer-sync] [   db-bootstrap] o.f.core.internal.command.DbMigrate      : Migrating schema "PUBLIC" to version "1 - schema"
2026-09-25T19:35:46.757+08:00  INFO 47304 --- [gigaxfer-sync] [   db-bootstrap] o.f.core.internal.command.DbMigrate      : Successfully applied 1 migration to schema "PUBLIC", now at version v1 (execution time 00:00.008s)
2026-09-25T19:35:46.758+08:00  INFO 47304 --- [gigaxfer-sync] [   db-bootstrap] com.gigaxfer.sync.db.DbBootstrap         : database migrated and bootstrapped
[INFO] Tests run: 1, Failures: 0, Errors: 0, Skipped: 0, Time elapsed: 0.805 s -- in com.gigaxfer.sync.db.DbOutageRecoveryTest
[INFO] Running com.gigaxfer.sync.db.SchemaTest
2026-09-25T19:35:46.763+08:00  INFO 47304 --- [gigaxfer-sync] [           main] t.c.s.AnnotationConfigContextLoaderUtils : Could not detect default configuration classes for test class [com.gigaxfer.sync.db.SchemaTest]: SchemaTest does not declare any static, non-private, non-final, nested classes annotated with @Configuration.
2026-09-25T19:35:46.764+08:00  INFO 47304 --- [gigaxfer-sync] [           main] .b.t.c.SpringBootTestContextBootstrapper : Found @SpringBootConfiguration com.gigaxfer.sync.GigaxferSyncApplication for test class com.gigaxfer.sync.db.SchemaTest

  .   ____          _            __ _ _
 /\\ / ___'_ __ _ _(_)_ __  __ _ \ \ \ \
( ( )\___ | '_ | '_| | '_ \/ _` | \ \ \ \
 \\/  ___)| |_)| | | | | || (_| |  ) ) ) )
  '  |____| .__|_| |_|_| |_\__, | / / / /
 =========|_|==============|___/=/_/_/_/

 :: Spring Boot ::                (v3.4.4)

2026-09-25T19:35:46.772+08:00  INFO 47304 --- [gigaxfer-sync] [           main] com.gigaxfer.sync.db.SchemaTest          : Starting SchemaTest using Java 27 with PID 47304 (started by johnson.chiang in /Users/johnson.chiang/workspace/gigaxfer/gigaxfer-sync-service)
2026-09-25T19:35:46.772+08:00  INFO 47304 --- [gigaxfer-sync] [           main] com.gigaxfer.sync.db.SchemaTest          : The following 1 profile is active: "test"
2026-09-25T19:35:46.873+08:00  INFO 47304 --- [gigaxfer-sync] [           main] o.s.b.a.e.web.EndpointLinksResolver      : Exposing 2 endpoints beneath base path '/actuator'
2026-09-25T19:35:46.880+08:00  INFO 47304 --- [gigaxfer-sync] [           main] com.gigaxfer.sync.db.SchemaTest          : Started SchemaTest in 0.115 seconds (process running for 4.751)
2026-09-25T19:35:46.883+08:00  INFO 47304 --- [gigaxfer-sync] [   db-bootstrap] com.zaxxer.hikari.HikariDataSource       : HikariPool-10 - Starting...
2026-09-25T19:35:46.883+08:00  INFO 47304 --- [gigaxfer-sync] [   db-bootstrap] com.zaxxer.hikari.HikariDataSource       : HikariPool-10 - Start completed.
2026-09-25T19:35:46.885+08:00  INFO 47304 --- [gigaxfer-sync] [   db-bootstrap] org.flywaydb.core.FlywayExecutor         : Database: jdbc:h2:mem:gigaxfer (H2 2.3)
2026-09-25T19:35:46.885+08:00  WARN 47304 --- [gigaxfer-sync] [   db-bootstrap] o.f.c.internal.database.base.Database    : Flyway upgrade recommended: H2 2.3.232 is newer than this version of Flyway and support has not been tested. The latest supported version of H2 is 2.2.224.
2026-09-25T19:35:46.919+08:00  WARN 47304 --- [gigaxfer-sync] [   db-bootstrap] o.f.c.internal.database.base.Database    : Flyway upgrade recommended: H2 2.3.232 is newer than this version of Flyway and support has not been tested. The latest supported version of H2 is 2.2.224.
2026-09-25T19:35:46.920+08:00  INFO 47304 --- [gigaxfer-sync] [   db-bootstrap] o.f.core.internal.command.DbValidate     : Successfully validated 1 migration (execution time 00:00.000s)
2026-09-25T19:35:46.920+08:00  INFO 47304 --- [gigaxfer-sync] [   db-bootstrap] o.f.core.internal.command.DbMigrate      : Current version of schema "PUBLIC": 1
2026-09-25T19:35:46.920+08:00  INFO 47304 --- [gigaxfer-sync] [   db-bootstrap] o.f.core.internal.command.DbMigrate      : Schema "PUBLIC" is up to date. No migration necessary.
2026-09-25T19:35:46.921+08:00  INFO 47304 --- [gigaxfer-sync] [   db-bootstrap] com.gigaxfer.sync.db.DbBootstrap         : database migrated and bootstrapped
2026-09-25T19:35:46.933+08:00  INFO 47304 --- [gigaxfer-sync] [           main] org.flywaydb.core.FlywayExecutor         : Database: jdbc:h2:mem:gigaxfer (H2 2.3)
2026-09-25T19:35:46.933+08:00  WARN 47304 --- [gigaxfer-sync] [           main] o.f.c.internal.database.base.Database    : Flyway upgrade recommended: H2 2.3.232 is newer than this version of Flyway and support has not been tested. The latest supported version of H2 is 2.2.224.
2026-09-25T19:35:46.935+08:00  WARN 47304 --- [gigaxfer-sync] [           main] o.f.c.internal.database.base.Database    : Flyway upgrade recommended: H2 2.3.232 is newer than this version of Flyway and support has not been tested. The latest supported version of H2 is 2.2.224.
2026-09-25T19:35:46.936+08:00  INFO 47304 --- [gigaxfer-sync] [           main] o.f.core.internal.command.DbValidate     : Successfully validated 1 migration (execution time 00:00.000s)
2026-09-25T19:35:46.936+08:00  INFO 47304 --- [gigaxfer-sync] [           main] o.f.core.internal.command.DbMigrate      : Current version of schema "PUBLIC": 1
2026-09-25T19:35:46.936+08:00  INFO 47304 --- [gigaxfer-sync] [           main] o.f.core.internal.command.DbMigrate      : Schema "PUBLIC" is up to date. No migration necessary.
2026-09-25T19:35:46.952+08:00  INFO 47304 --- [gigaxfer-sync] [           main] com.zaxxer.hikari.HikariDataSource       : HikariPool-10 - Shutdown initiated...
2026-09-25T19:35:46.953+08:00  INFO 47304 --- [gigaxfer-sync] [           main] com.zaxxer.hikari.HikariDataSource       : HikariPool-10 - Shutdown completed.
[INFO] Tests run: 7, Failures: 0, Errors: 0, Skipped: 0, Time elapsed: 0.191 s -- in com.gigaxfer.sync.db.SchemaTest
[INFO] 
[INFO] Results:
[INFO] 
[INFO] Tests run: 70, Failures: 0, Errors: 0, Skipped: 0
[INFO] 
[INFO] 
[INFO] --- jar:3.5.0:jar (default-jar) @ gigaxfer-sync-service ---
[INFO] 
[INFO] --- spring-boot:3.4.4:repackage (default) @ gigaxfer-sync-service ---
[INFO] Replacing main artifact /Users/johnson.chiang/workspace/gigaxfer/gigaxfer-sync-service/target/gigaxfer-sync-service-0.1.0-SNAPSHOT.jar with repackaged archive, adding nested dependencies in BOOT-INF/.
[INFO] The original artifact has been renamed to /Users/johnson.chiang/workspace/gigaxfer/gigaxfer-sync-service/target/gigaxfer-sync-service-0.1.0-SNAPSHOT.jar.original
[INFO] ------------------------------------------------------------------------
[INFO] Reactor Summary for gigaxfer-parent 0.1.0-SNAPSHOT:
[INFO] 
[INFO] gigaxfer-parent .................................... SUCCESS [  0.001 s]
[INFO] gigaxfer-core ...................................... SUCCESS [  2.298 s]
[INFO] gigaxfer-sync-service .............................. SUCCESS [ 29.188 s]
[INFO] ------------------------------------------------------------------------
[INFO] BUILD SUCCESS
[INFO] ------------------------------------------------------------------------
[INFO] Total time:  31.625 s
[INFO] Finished at: 2026-09-25T19:36:11+08:00
[INFO] ------------------------------------------------------------------------
